19-Nov-2025 22:18:07.381 INFO [main] org.apache.catalina.core.ApplicationContext.log ContextListener: contextInitialized()
19-Nov-2025 22:18:07.382 INFO [main] org.apache.catalina.core.ApplicationContext.log SessionListener: contextInitialized()
19-Nov-2025 22:18:07.385 INFO [main] org.apache.catalina.core.ApplicationContext.log ContextListener: attributeAdded('StockTicker', 'async.Stockticker@50d3bf39')
19-Nov-2025 22:23:27.600 WARNING [Catalina-utility-1] org.apache.catalina.session.StandardSession.doWriteObject Cannot serialize session attribute [cart] for session [F30628D12FEC8BB9953A85EE7C4AE33C]
	java.io.NotSerializableException: com.bookstore.model.Book
		at java.base/java.io.ObjectOutputStream.writeObject0(ObjectOutputStream.java:1185)
		at java.base/java.io.ObjectOutputStream.writeObject(ObjectOutputStream.java:349)
		at java.base/java.util.HashMap.internalWriteEntries(HashMap.java:1857)
		at java.base/java.util.HashMap.writeObject(HashMap.java:1412)
		at java.base/jdk.internal.reflect.NativeMethodAccessorImpl.invoke0(Native Method)
		at java.base/jdk.internal.reflect.NativeMethodAccessorImpl.invoke(NativeMethodAccessorImpl.java:62)
		at java.base/jdk.internal.reflect.DelegatingMethodAccessorImpl.invoke(DelegatingMethodAccessorImpl.java:43)
		at java.base/java.lang.reflect.Method.invoke(Method.java:566)
		at java.base/java.io.ObjectStreamClass.invokeWriteObject(ObjectStreamClass.java:1145)
		at java.base/java.io.ObjectOutputStream.writeSerialData(ObjectOutputStream.java:1497)
		at java.base/java.io.ObjectOutputStream.writeOrdinaryObject(ObjectOutputStream.java:1433)
		at java.base/java.io.ObjectOutputStream.writeObject0(ObjectOutputStream.java:1179)
		at java.base/java.io.ObjectOutputStream.writeObject(ObjectOutputStream.java:349)
		at org.apache.catalina.session.StandardSession.doWriteObject(StandardSession.java:1647)
		at org.apache.catalina.session.StandardSession.writeObjectData(StandardSession.java:1015)
		at org.apache.catalina.session.StandardManager.doUnload(StandardManager.java:307)
		at org.apache.catalina.session.StandardManager.unload(StandardManager.java:259)
		at org.apache.catalina.session.StandardManager.stopInternal(StandardManager.java:374)
		at org.apache.catalina.util.LifecycleBase.stop(LifecycleBase.java:242)
		at org.apache.catalina.core.StandardContext.stopInternal(StandardContext.java:5143)
		at org.apache.catalina.util.LifecycleBase.stop(LifecycleBase.java:242)
		at org.apache.catalina.core.StandardContext.reload(StandardContext.java:3575)
		at org.apache.catalina.startup.HostConfig.reload(HostConfig.java:1442)
		at org.apache.catalina.startup.HostConfig.checkResources(HostConfig.java:1414)
		at org.apache.catalina.startup.HostConfig.check(HostConfig.java:1653)
		at org.apache.catalina.startup.HostConfig.lifecycleEvent(HostConfig.java:314)
		at org.apache.catalina.util.LifecycleBase.fireLifecycleEvent(LifecycleBase.java:114)
		at org.apache.catalina.core.ContainerBase.backgroundProcess(ContainerBase.java:1098)
		at org.apache.catalina.core.ContainerBase$ContainerBackgroundProcessor.processChildren(ContainerBase.java:1301)
		at org.apache.catalina.core.ContainerBase$ContainerBackgroundProcessor.processChildren(ContainerBase.java:1305)
		at org.apache.catalina.core.ContainerBase$ContainerBackgroundProcessor.run(ContainerBase.java:1283)
		at java.base/java.util.concurrent.Executors$RunnableAdapter.call(Executors.java:515)
		at java.base/java.util.concurrent.FutureTask.runAndReset(FutureTask.java:305)
		at java.base/java.util.concurrent.ScheduledThreadPoolExecutor$ScheduledFutureTask.run(ScheduledThreadPoolExecutor.java:305)
		at java.base/java.util.concurrent.ThreadPoolExecutor.runWorker(ThreadPoolExecutor.java:1128)
		at java.base/java.util.concurrent.ThreadPoolExecutor$Worker.run(ThreadPoolExecutor.java:628)
		at org.apache.tomcat.util.threads.TaskThread$WrappingRunnable.run(TaskThread.java:61)
		at java.base/java.lang.Thread.run(Thread.java:829)
19-Nov-2025 22:23:27.603 WARNING [Catalina-utility-1] org.apache.catalina.session.StandardSession.doWriteObject Cannot serialize session attribute [cart] for session [BDC9B4D745DDF64A3CA68C705E1A47C9]
	java.io.NotSerializableException: com.bookstore.model.Book
		at java.base/java.io.ObjectOutputStream.writeObject0(ObjectOutputStream.java:1185)
		at java.base/java.io.ObjectOutputStream.writeObject(ObjectOutputStream.java:349)
		at java.base/java.util.HashMap.internalWriteEntries(HashMap.java:1857)
		at java.base/java.util.HashMap.writeObject(HashMap.java:1412)
		at java.base/jdk.internal.reflect.NativeMethodAccessorImpl.invoke0(Native Method)
		at java.base/jdk.internal.reflect.NativeMethodAccessorImpl.invoke(NativeMethodAccessorImpl.java:62)
		at java.base/jdk.internal.reflect.DelegatingMethodAccessorImpl.invoke(DelegatingMethodAccessorImpl.java:43)
		at java.base/java.lang.reflect.Method.invoke(Method.java:566)
		at java.base/java.io.ObjectStreamClass.invokeWriteObject(ObjectStreamClass.java:1145)
		at java.base/java.io.ObjectOutputStream.writeSerialData(ObjectOutputStream.java:1497)
		at java.base/java.io.ObjectOutputStream.writeOrdinaryObject(ObjectOutputStream.java:1433)
		at java.base/java.io.ObjectOutputStream.writeObject0(ObjectOutputStream.java:1179)
		at java.base/java.io.ObjectOutputStream.writeObject(ObjectOutputStream.java:349)
		at org.apache.catalina.session.StandardSession.doWriteObject(StandardSession.java:1647)
		at org.apache.catalina.session.StandardSession.writeObjectData(StandardSession.java:1015)
		at org.apache.catalina.session.StandardManager.doUnload(StandardManager.java:307)
		at org.apache.catalina.session.StandardManager.unload(StandardManager.java:259)
		at org.apache.catalina.session.StandardManager.stopInternal(StandardManager.java:374)
		at org.apache.catalina.util.LifecycleBase.stop(LifecycleBase.java:242)
		at org.apache.catalina.core.StandardContext.stopInternal(StandardContext.java:5143)
		at org.apache.catalina.util.LifecycleBase.stop(LifecycleBase.java:242)
		at org.apache.catalina.core.StandardContext.reload(StandardContext.java:3575)
		at org.apache.catalina.startup.HostConfig.reload(HostConfig.java:1442)
		at org.apache.catalina.startup.HostConfig.checkResources(HostConfig.java:1414)
		at org.apache.catalina.startup.HostConfig.check(HostConfig.java:1653)
		at org.apache.catalina.startup.HostConfig.lifecycleEvent(HostConfig.java:314)
		at org.apache.catalina.util.LifecycleBase.fireLifecycleEvent(LifecycleBase.java:114)
		at org.apache.catalina.core.ContainerBase.backgroundProcess(ContainerBase.java:1098)
		at org.apache.catalina.core.ContainerBase$ContainerBackgroundProcessor.processChildren(ContainerBase.java:1301)
		at org.apache.catalina.core.ContainerBase$ContainerBackgroundProcessor.processChildren(ContainerBase.java:1305)
		at org.apache.catalina.core.ContainerBase$ContainerBackgroundProcessor.run(ContainerBase.java:1283)
		at java.base/java.util.concurrent.Executors$RunnableAdapter.call(Executors.java:515)
		at java.base/java.util.concurrent.FutureTask.runAndReset(FutureTask.java:305)
		at java.base/java.util.concurrent.ScheduledThreadPoolExecutor$ScheduledFutureTask.run(ScheduledThreadPoolExecutor.java:305)
		at java.base/java.util.concurrent.ThreadPoolExecutor.runWorker(ThreadPoolExecutor.java:1128)
		at java.base/java.util.concurrent.ThreadPoolExecutor$Worker.run(ThreadPoolExecutor.java:628)
		at org.apache.tomcat.util.threads.TaskThread$WrappingRunnable.run(TaskThread.java:61)
		at java.base/java.lang.Thread.run(Thread.java:829)
19-Nov-2025 22:23:27.780 WARNING [Catalina-utility-1] org.apache.catalina.session.StandardSession.doReadObject Cannot deserialize session attribute [cart] for session [F30628D12FEC8BB9953A85EE7C4AE33C]
19-Nov-2025 22:32:17.856 WARNING [Catalina-utility-2] org.apache.catalina.session.StandardSession.doWriteObject Cannot serialize session attribute [cart] for session [F30628D12FEC8BB9953A85EE7C4AE33C]
	java.io.NotSerializableException: com.bookstore.model.Book
		at java.base/java.io.ObjectOutputStream.writeObject0(ObjectOutputStream.java:1185)
		at java.base/java.io.ObjectOutputStream.writeObject(ObjectOutputStream.java:349)
		at java.base/java.util.HashMap.internalWriteEntries(HashMap.java:1857)
		at java.base/java.util.HashMap.writeObject(HashMap.java:1412)
		at java.base/jdk.internal.reflect.NativeMethodAccessorImpl.invoke0(Native Method)
		at java.base/jdk.internal.reflect.NativeMethodAccessorImpl.invoke(NativeMethodAccessorImpl.java:62)
		at java.base/jdk.internal.reflect.DelegatingMethodAccessorImpl.invoke(DelegatingMethodAccessorImpl.java:43)
		at java.base/java.lang.reflect.Method.invoke(Method.java:566)
		at java.base/java.io.ObjectStreamClass.invokeWriteObject(ObjectStreamClass.java:1145)
		at java.base/java.io.ObjectOutputStream.writeSerialData(ObjectOutputStream.java:1497)
		at java.base/java.io.ObjectOutputStream.writeOrdinaryObject(ObjectOutputStream.java:1433)
		at java.base/java.io.ObjectOutputStream.writeObject0(ObjectOutputStream.java:1179)
		at java.base/java.io.ObjectOutputStream.writeObject(ObjectOutputStream.java:349)
		at org.apache.catalina.session.StandardSession.doWriteObject(StandardSession.java:1647)
		at org.apache.catalina.session.StandardSession.writeObjectData(StandardSession.java:1015)
		at org.apache.catalina.session.StandardManager.doUnload(StandardManager.java:307)
		at org.apache.catalina.session.StandardManager.unload(StandardManager.java:259)
		at org.apache.catalina.session.StandardManager.stopInternal(StandardManager.java:374)
		at org.apache.catalina.util.LifecycleBase.stop(LifecycleBase.java:242)
		at org.apache.catalina.core.StandardContext.stopInternal(StandardContext.java:5143)
		at org.apache.catalina.util.LifecycleBase.stop(LifecycleBase.java:242)
		at org.apache.catalina.core.StandardContext.reload(StandardContext.java:3575)
		at org.apache.catalina.startup.HostConfig.reload(HostConfig.java:1442)
		at org.apache.catalina.startup.HostConfig.checkResources(HostConfig.java:1414)
		at org.apache.catalina.startup.HostConfig.check(HostConfig.java:1653)
		at org.apache.catalina.startup.HostConfig.lifecycleEvent(HostConfig.java:314)
		at org.apache.catalina.util.LifecycleBase.fireLifecycleEvent(LifecycleBase.java:114)
		at org.apache.catalina.core.ContainerBase.backgroundProcess(ContainerBase.java:1098)
		at org.apache.catalina.core.ContainerBase$ContainerBackgroundProcessor.processChildren(ContainerBase.java:1301)
		at org.apache.catalina.core.ContainerBase$ContainerBackgroundProcessor.processChildren(ContainerBase.java:1305)
		at org.apache.catalina.core.ContainerBase$ContainerBackgroundProcessor.run(ContainerBase.java:1283)
		at java.base/java.util.concurrent.Executors$RunnableAdapter.call(Executors.java:515)
		at java.base/java.util.concurrent.FutureTask.runAndReset(FutureTask.java:305)
		at java.base/java.util.concurrent.ScheduledThreadPoolExecutor$ScheduledFutureTask.run(ScheduledThreadPoolExecutor.java:305)
		at java.base/java.util.concurrent.ThreadPoolExecutor.runWorker(ThreadPoolExecutor.java:1128)
		at java.base/java.util.concurrent.ThreadPoolExecutor$Worker.run(ThreadPoolExecutor.java:628)
		at org.apache.tomcat.util.threads.TaskThread$WrappingRunnable.run(TaskThread.java:61)
		at java.base/java.lang.Thread.run(Thread.java:829)
19-Nov-2025 22:32:17.857 WARNING [Catalina-utility-2] org.apache.catalina.session.StandardSession.doWriteObject Cannot serialize session attribute [cart] for session [BF2F99E70065F795B34FD39A7C349371]
	java.io.NotSerializableException: com.bookstore.model.Book
		at java.base/java.io.ObjectOutputStream.writeObject0(ObjectOutputStream.java:1185)
		at java.base/java.io.ObjectOutputStream.writeObject(ObjectOutputStream.java:349)
		at java.base/java.util.HashMap.internalWriteEntries(HashMap.java:1857)
		at java.base/java.util.HashMap.writeObject(HashMap.java:1412)
		at java.base/jdk.internal.reflect.NativeMethodAccessorImpl.invoke0(Native Method)
		at java.base/jdk.internal.reflect.NativeMethodAccessorImpl.invoke(NativeMethodAccessorImpl.java:62)
		at java.base/jdk.internal.reflect.DelegatingMethodAccessorImpl.invoke(DelegatingMethodAccessorImpl.java:43)
		at java.base/java.lang.reflect.Method.invoke(Method.java:566)
		at java.base/java.io.ObjectStreamClass.invokeWriteObject(ObjectStreamClass.java:1145)
		at java.base/java.io.ObjectOutputStream.writeSerialData(ObjectOutputStream.java:1497)
		at java.base/java.io.ObjectOutputStream.writeOrdinaryObject(ObjectOutputStream.java:1433)
		at java.base/java.io.ObjectOutputStream.writeObject0(ObjectOutputStream.java:1179)
		at java.base/java.io.ObjectOutputStream.writeObject(ObjectOutputStream.java:349)
		at org.apache.catalina.session.StandardSession.doWriteObject(StandardSession.java:1647)
		at org.apache.catalina.session.StandardSession.writeObjectData(StandardSession.java:1015)
		at org.apache.catalina.session.StandardManager.doUnload(StandardManager.java:307)
		at org.apache.catalina.session.StandardManager.unload(StandardManager.java:259)
		at org.apache.catalina.session.StandardManager.stopInternal(StandardManager.java:374)
		at org.apache.catalina.util.LifecycleBase.stop(LifecycleBase.java:242)
		at org.apache.catalina.core.StandardContext.stopInternal(StandardContext.java:5143)
		at org.apache.catalina.util.LifecycleBase.stop(LifecycleBase.java:242)
		at org.apache.catalina.core.StandardContext.reload(StandardContext.java:3575)
		at org.apache.catalina.startup.HostConfig.reload(HostConfig.java:1442)
		at org.apache.catalina.startup.HostConfig.checkResources(HostConfig.java:1414)
		at org.apache.catalina.startup.HostConfig.check(HostConfig.java:1653)
		at org.apache.catalina.startup.HostConfig.lifecycleEvent(HostConfig.java:314)
		at org.apache.catalina.util.LifecycleBase.fireLifecycleEvent(LifecycleBase.java:114)
		at org.apache.catalina.core.ContainerBase.backgroundProcess(ContainerBase.java:1098)
		at org.apache.catalina.core.ContainerBase$ContainerBackgroundProcessor.processChildren(ContainerBase.java:1301)
		at org.apache.catalina.core.ContainerBase$ContainerBackgroundProcessor.processChildren(ContainerBase.java:1305)
		at org.apache.catalina.core.ContainerBase$ContainerBackgroundProcessor.run(ContainerBase.java:1283)
		at java.base/java.util.concurrent.Executors$RunnableAdapter.call(Executors.java:515)
		at java.base/java.util.concurrent.FutureTask.runAndReset(FutureTask.java:305)
		at java.base/java.util.concurrent.ScheduledThreadPoolExecutor$ScheduledFutureTask.run(ScheduledThreadPoolExecutor.java:305)
		at java.base/java.util.concurrent.ThreadPoolExecutor.runWorker(ThreadPoolExecutor.java:1128)
		at java.base/java.util.concurrent.ThreadPoolExecutor$Worker.run(ThreadPoolExecutor.java:628)
		at org.apache.tomcat.util.threads.TaskThread$WrappingRunnable.run(TaskThread.java:61)
		at java.base/java.lang.Thread.run(Thread.java:829)
19-Nov-2025 22:32:18.048 WARNING [Catalina-utility-2] org.apache.catalina.session.StandardSession.doReadObject Cannot deserialize session attribute [cart] for session [F30628D12FEC8BB9953A85EE7C4AE33C]
19-Nov-2025 22:41:43.328 SEVERE [http-nio-8080-exec-29] org.apache.catalina.core.StandardWrapperValve.invoke Servlet.service() for servlet [jsp] in context with path [/MolaBookStore] threw exception [/login.jsp (line: [135], column: [1]) Page directive must not have multiple occurrences of pageencoding] with root cause
	org.apache.jasper.JasperException: /login.jsp (line: [135], column: [1]) Page directive must not have multiple occurrences of pageencoding
		at org.apache.jasper.compiler.DefaultErrorHandler.jspError(DefaultErrorHandler.java:41)
		at org.apache.jasper.compiler.ErrorDispatcher.dispatch(ErrorDispatcher.java:292)
		at org.apache.jasper.compiler.ErrorDispatcher.jspError(ErrorDispatcher.java:115)
		at org.apache.jasper.compiler.Validator$DirectiveVisitor.visit(Validator.java:200)
		at org.apache.jasper.compiler.Node$PageDirective.accept(Node.java:576)
		at org.apache.jasper.compiler.Node$Nodes.visit(Node.java:2375)
		at org.apache.jasper.compiler.Node$Visitor.visitBody(Node.java:2431)
		at org.apache.jasper.compiler.Node$Visitor.visit(Node.java:2437)
		at org.apache.jasper.compiler.Node$Root.accept(Node.java:467)
		at org.apache.jasper.compiler.Node$Nodes.visit(Node.java:2375)
		at org.apache.jasper.compiler.Validator.validateDirectives(Validator.java:1829)
		at org.apache.jasper.compiler.Compiler.generateJava(Compiler.java:204)
		at org.apache.jasper.compiler.Compiler.compile(Compiler.java:392)
		at org.apache.jasper.compiler.Compiler.compile(Compiler.java:368)
		at org.apache.jasper.compiler.Compiler.compile(Compiler.java:352)
		at org.apache.jasper.JspCompilationContext.compile(JspCompilationContext.java:603)
		at org.apache.jasper.servlet.JspServletWrapper.service(JspServletWrapper.java:399)
		at org.apache.jasper.servlet.JspServlet.serviceJspFile(JspServlet.java:379)
		at org.apache.jasper.servlet.JspServlet.service(JspServlet.java:327)
		at javax.servlet.http.HttpServlet.service(HttpServlet.java:623)
		at org.apache.catalina.core.ApplicationFilterChain.internalDoFilter(ApplicationFilterChain.java:209)
		at org.apache.catalina.core.ApplicationFilterChain.doFilter(ApplicationFilterChain.java:153)
		at org.apache.tomcat.websocket.server.WsFilter.doFilter(WsFilter.java:51)
		at org.apache.catalina.core.ApplicationFilterChain.internalDoFilter(ApplicationFilterChain.java:178)
		at org.apache.catalina.core.ApplicationFilterChain.doFilter(ApplicationFilterChain.java:153)
		at org.apache.catalina.core.StandardWrapperValve.invoke(StandardWrapperValve.java:168)
		at org.apache.catalina.core.StandardContextValve.invoke(StandardContextValve.java:90)
		at org.apache.catalina.authenticator.AuthenticatorBase.invoke(AuthenticatorBase.java:481)
		at org.apache.catalina.core.StandardHostValve.invoke(StandardHostValve.java:130)
		at org.apache.catalina.valves.ErrorReportValve.invoke(ErrorReportValve.java:93)
		at org.apache.catalina.valves.AbstractAccessLogValve.invoke(AbstractAccessLogValve.java:670)
		at org.apache.catalina.core.StandardEngineValve.invoke(StandardEngineValve.java:74)
		at org.apache.catalina.connector.CoyoteAdapter.service(CoyoteAdapter.java:343)
		at org.apache.coyote.http11.Http11Processor.service(Http11Processor.java:390)
		at org.apache.coyote.AbstractProcessorLight.process(AbstractProcessorLight.java:63)
		at org.apache.coyote.AbstractProtocol$ConnectionHandler.process(AbstractProtocol.java:926)
		at org.apache.tomcat.util.net.NioEndpoint$SocketProcessor.doRun(NioEndpoint.java:1790)
		at org.apache.tomcat.util.net.SocketProcessorBase.run(SocketProcessorBase.java:52)
		at org.apache.tomcat.util.threads.ThreadPoolExecutor.runWorker(ThreadPoolExecutor.java:1191)
		at org.apache.tomcat.util.threads.ThreadPoolExecutor$Worker.run(ThreadPoolExecutor.java:659)
		at org.apache.tomcat.util.threads.TaskThread$WrappingRunnable.run(TaskThread.java:61)
		at java.base/java.lang.Thread.run(Thread.java:829)
19-Nov-2025 22:42:06.744 SEVERE [http-nio-8080-exec-26] org.apache.catalina.core.StandardWrapperValve.invoke Servlet.service() for servlet [jsp] in context with path [/MolaBookStore] threw exception [/login.jsp (line: [135], column: [1]) Page directive must not have multiple occurrences of pageencoding] with root cause
	org.apache.jasper.JasperException: /login.jsp (line: [135], column: [1]) Page directive must not have multiple occurrences of pageencoding
		at org.apache.jasper.compiler.DefaultErrorHandler.jspError(DefaultErrorHandler.java:41)
		at org.apache.jasper.compiler.ErrorDispatcher.dispatch(ErrorDispatcher.java:292)
		at org.apache.jasper.compiler.ErrorDispatcher.jspError(ErrorDispatcher.java:115)
		at org.apache.jasper.compiler.Validator$DirectiveVisitor.visit(Validator.java:200)
		at org.apache.jasper.compiler.Node$PageDirective.accept(Node.java:576)
		at org.apache.jasper.compiler.Node$Nodes.visit(Node.java:2375)
		at org.apache.jasper.compiler.Node$Visitor.visitBody(Node.java:2431)
		at org.apache.jasper.compiler.Node$Visitor.visit(Node.java:2437)
		at org.apache.jasper.compiler.Node$Root.accept(Node.java:467)
		at org.apache.jasper.compiler.Node$Nodes.visit(Node.java:2375)
		at org.apache.jasper.compiler.Validator.validateDirectives(Validator.java:1829)
		at org.apache.jasper.compiler.Compiler.generateJava(Compiler.java:204)
		at org.apache.jasper.compiler.Compiler.compile(Compiler.java:392)
		at org.apache.jasper.compiler.Compiler.compile(Compiler.java:368)
		at org.apache.jasper.compiler.Compiler.compile(Compiler.java:352)
		at org.apache.jasper.JspCompilationContext.compile(JspCompilationContext.java:603)
		at org.apache.jasper.servlet.JspServletWrapper.service(JspServletWrapper.java:399)
		at org.apache.jasper.servlet.JspServlet.serviceJspFile(JspServlet.java:379)
		at org.apache.jasper.servlet.JspServlet.service(JspServlet.java:327)
		at javax.servlet.http.HttpServlet.service(HttpServlet.java:623)
		at org.apache.catalina.core.ApplicationFilterChain.internalDoFilter(ApplicationFilterChain.java:209)
		at org.apache.catalina.core.ApplicationFilterChain.doFilter(ApplicationFilterChain.java:153)
		at org.apache.tomcat.websocket.server.WsFilter.doFilter(WsFilter.java:51)
		at org.apache.catalina.core.ApplicationFilterChain.internalDoFilter(ApplicationFilterChain.java:178)
		at org.apache.catalina.core.ApplicationFilterChain.doFilter(ApplicationFilterChain.java:153)
		at org.apache.catalina.core.StandardWrapperValve.invoke(StandardWrapperValve.java:168)
		at org.apache.catalina.core.StandardContextValve.invoke(StandardContextValve.java:90)
		at org.apache.catalina.authenticator.AuthenticatorBase.invoke(AuthenticatorBase.java:481)
		at org.apache.catalina.core.StandardHostValve.invoke(StandardHostValve.java:130)
		at org.apache.catalina.valves.ErrorReportValve.invoke(ErrorReportValve.java:93)
		at org.apache.catalina.valves.AbstractAccessLogValve.invoke(AbstractAccessLogValve.java:670)
		at org.apache.catalina.core.StandardEngineValve.invoke(StandardEngineValve.java:74)
		at org.apache.catalina.connector.CoyoteAdapter.service(CoyoteAdapter.java:343)
		at org.apache.coyote.http11.Http11Processor.service(Http11Processor.java:390)
		at org.apache.coyote.AbstractProcessorLight.process(AbstractProcessorLight.java:63)
		at org.apache.coyote.AbstractProtocol$ConnectionHandler.process(AbstractProtocol.java:926)
		at org.apache.tomcat.util.net.NioEndpoint$SocketProcessor.doRun(NioEndpoint.java:1790)
		at org.apache.tomcat.util.net.SocketProcessorBase.run(SocketProcessorBase.java:52)
		at org.apache.tomcat.util.threads.ThreadPoolExecutor.runWorker(ThreadPoolExecutor.java:1191)
		at org.apache.tomcat.util.threads.ThreadPoolExecutor$Worker.run(ThreadPoolExecutor.java:659)
		at org.apache.tomcat.util.threads.TaskThread$WrappingRunnable.run(TaskThread.java:61)
		at java.base/java.lang.Thread.run(Thread.java:829)
19-Nov-2025 22:42:13.573 SEVERE [http-nio-8080-exec-33] org.apache.catalina.core.StandardWrapperValve.invoke Servlet.service() for servlet [jsp] in context with path [/MolaBookStore] threw exception [/login.jsp (line: [135], column: [1]) Page directive must not have multiple occurrences of pageencoding] with root cause
	org.apache.jasper.JasperException: /login.jsp (line: [135], column: [1]) Page directive must not have multiple occurrences of pageencoding
		at org.apache.jasper.compiler.DefaultErrorHandler.jspError(DefaultErrorHandler.java:41)
		at org.apache.jasper.compiler.ErrorDispatcher.dispatch(ErrorDispatcher.java:292)
		at org.apache.jasper.compiler.ErrorDispatcher.jspError(ErrorDispatcher.java:115)
		at org.apache.jasper.compiler.Validator$DirectiveVisitor.visit(Validator.java:200)
		at org.apache.jasper.compiler.Node$PageDirective.accept(Node.java:576)
		at org.apache.jasper.compiler.Node$Nodes.visit(Node.java:2375)
		at org.apache.jasper.compiler.Node$Visitor.visitBody(Node.java:2431)
		at org.apache.jasper.compiler.Node$Visitor.visit(Node.java:2437)
		at org.apache.jasper.compiler.Node$Root.accept(Node.java:467)
		at org.apache.jasper.compiler.Node$Nodes.visit(Node.java:2375)
		at org.apache.jasper.compiler.Validator.validateDirectives(Validator.java:1829)
		at org.apache.jasper.compiler.Compiler.generateJava(Compiler.java:204)
		at org.apache.jasper.compiler.Compiler.compile(Compiler.java:392)
		at org.apache.jasper.compiler.Compiler.compile(Compiler.java:368)
		at org.apache.jasper.compiler.Compiler.compile(Compiler.java:352)
		at org.apache.jasper.JspCompilationContext.compile(JspCompilationContext.java:603)
		at org.apache.jasper.servlet.JspServletWrapper.service(JspServletWrapper.java:399)
		at org.apache.jasper.servlet.JspServlet.serviceJspFile(JspServlet.java:379)
		at org.apache.jasper.servlet.JspServlet.service(JspServlet.java:327)
		at javax.servlet.http.HttpServlet.service(HttpServlet.java:623)
		at org.apache.catalina.core.ApplicationFilterChain.internalDoFilter(ApplicationFilterChain.java:209)
		at org.apache.catalina.core.ApplicationFilterChain.doFilter(ApplicationFilterChain.java:153)
		at org.apache.tomcat.websocket.server.WsFilter.doFilter(WsFilter.java:51)
		at org.apache.catalina.core.ApplicationFilterChain.internalDoFilter(ApplicationFilterChain.java:178)
		at org.apache.catalina.core.ApplicationFilterChain.doFilter(ApplicationFilterChain.java:153)
		at org.apache.catalina.core.StandardWrapperValve.invoke(StandardWrapperValve.java:168)
		at org.apache.catalina.core.StandardContextValve.invoke(StandardContextValve.java:90)
		at org.apache.catalina.authenticator.AuthenticatorBase.invoke(AuthenticatorBase.java:481)
		at org.apache.catalina.core.StandardHostValve.invoke(StandardHostValve.java:130)
		at org.apache.catalina.valves.ErrorReportValve.invoke(ErrorReportValve.java:93)
		at org.apache.catalina.valves.AbstractAccessLogValve.invoke(AbstractAccessLogValve.java:670)
		at org.apache.catalina.core.StandardEngineValve.invoke(StandardEngineValve.java:74)
		at org.apache.catalina.connector.CoyoteAdapter.service(CoyoteAdapter.java:343)
		at org.apache.coyote.http11.Http11Processor.service(Http11Processor.java:390)
		at org.apache.coyote.AbstractProcessorLight.process(AbstractProcessorLight.java:63)
		at org.apache.coyote.AbstractProtocol$ConnectionHandler.process(AbstractProtocol.java:926)
		at org.apache.tomcat.util.net.NioEndpoint$SocketProcessor.doRun(NioEndpoint.java:1790)
		at org.apache.tomcat.util.net.SocketProcessorBase.run(SocketProcessorBase.java:52)
		at org.apache.tomcat.util.threads.ThreadPoolExecutor.runWorker(ThreadPoolExecutor.java:1191)
		at org.apache.tomcat.util.threads.ThreadPoolExecutor$Worker.run(ThreadPoolExecutor.java:659)
		at org.apache.tomcat.util.threads.TaskThread$WrappingRunnable.run(TaskThread.java:61)
		at java.base/java.lang.Thread.run(Thread.java:829)
19-Nov-2025 22:42:20.255 SEVERE [http-nio-8080-exec-34] org.apache.catalina.core.StandardWrapperValve.invoke Servlet.service() for servlet [jsp] in context with path [/MolaBookStore] threw exception [/login.jsp (line: [135], column: [1]) Page directive must not have multiple occurrences of pageencoding] with root cause
	org.apache.jasper.JasperException: /login.jsp (line: [135], column: [1]) Page directive must not have multiple occurrences of pageencoding
		at org.apache.jasper.compiler.DefaultErrorHandler.jspError(DefaultErrorHandler.java:41)
		at org.apache.jasper.compiler.ErrorDispatcher.dispatch(ErrorDispatcher.java:292)
		at org.apache.jasper.compiler.ErrorDispatcher.jspError(ErrorDispatcher.java:115)
		at org.apache.jasper.compiler.Validator$DirectiveVisitor.visit(Validator.java:200)
		at org.apache.jasper.compiler.Node$PageDirective.accept(Node.java:576)
		at org.apache.jasper.compiler.Node$Nodes.visit(Node.java:2375)
		at org.apache.jasper.compiler.Node$Visitor.visitBody(Node.java:2431)
		at org.apache.jasper.compiler.Node$Visitor.visit(Node.java:2437)
		at org.apache.jasper.compiler.Node$Root.accept(Node.java:467)
		at org.apache.jasper.compiler.Node$Nodes.visit(Node.java:2375)
		at org.apache.jasper.compiler.Validator.validateDirectives(Validator.java:1829)
		at org.apache.jasper.compiler.Compiler.generateJava(Compiler.java:204)
		at org.apache.jasper.compiler.Compiler.compile(Compiler.java:392)
		at org.apache.jasper.compiler.Compiler.compile(Compiler.java:368)
		at org.apache.jasper.compiler.Compiler.compile(Compiler.java:352)
		at org.apache.jasper.JspCompilationContext.compile(JspCompilationContext.java:603)
		at org.apache.jasper.servlet.JspServletWrapper.service(JspServletWrapper.java:399)
		at org.apache.jasper.servlet.JspServlet.serviceJspFile(JspServlet.java:379)
		at org.apache.jasper.servlet.JspServlet.service(JspServlet.java:327)
		at javax.servlet.http.HttpServlet.service(HttpServlet.java:623)
		at org.apache.catalina.core.ApplicationFilterChain.internalDoFilter(ApplicationFilterChain.java:209)
		at org.apache.catalina.core.ApplicationFilterChain.doFilter(ApplicationFilterChain.java:153)
		at org.apache.tomcat.websocket.server.WsFilter.doFilter(WsFilter.java:51)
		at org.apache.catalina.core.ApplicationFilterChain.internalDoFilter(ApplicationFilterChain.java:178)
		at org.apache.catalina.core.ApplicationFilterChain.doFilter(ApplicationFilterChain.java:153)
		at org.apache.catalina.core.StandardWrapperValve.invoke(StandardWrapperValve.java:168)
		at org.apache.catalina.core.StandardContextValve.invoke(StandardContextValve.java:90)
		at org.apache.catalina.authenticator.AuthenticatorBase.invoke(AuthenticatorBase.java:481)
		at org.apache.catalina.core.StandardHostValve.invoke(StandardHostValve.java:130)
		at org.apache.catalina.valves.ErrorReportValve.invoke(ErrorReportValve.java:93)
		at org.apache.catalina.valves.AbstractAccessLogValve.invoke(AbstractAccessLogValve.java:670)
		at org.apache.catalina.core.StandardEngineValve.invoke(StandardEngineValve.java:74)
		at org.apache.catalina.connector.CoyoteAdapter.service(CoyoteAdapter.java:343)
		at org.apache.coyote.http11.Http11Processor.service(Http11Processor.java:390)
		at org.apache.coyote.AbstractProcessorLight.process(AbstractProcessorLight.java:63)
		at org.apache.coyote.AbstractProtocol$ConnectionHandler.process(AbstractProtocol.java:926)
		at org.apache.tomcat.util.net.NioEndpoint$SocketProcessor.doRun(NioEndpoint.java:1790)
		at org.apache.tomcat.util.net.SocketProcessorBase.run(SocketProcessorBase.java:52)
		at org.apache.tomcat.util.threads.ThreadPoolExecutor.runWorker(ThreadPoolExecutor.java:1191)
		at org.apache.tomcat.util.threads.ThreadPoolExecutor$Worker.run(ThreadPoolExecutor.java:659)
		at org.apache.tomcat.util.threads.TaskThread$WrappingRunnable.run(TaskThread.java:61)
		at java.base/java.lang.Thread.run(Thread.java:829)
19-Nov-2025 22:48:46.202 INFO [main] org.apache.catalina.core.ApplicationContext.log SessionListener: contextDestroyed()
19-Nov-2025 22:48:46.202 INFO [main] org.apache.catalina.core.ApplicationContext.log ContextListener: contextDestroyed()
19-Nov-2025 22:48:49.466 INFO [main] org.apache.catalina.core.ApplicationContext.log ContextListener: contextInitialized()
19-Nov-2025 22:48:49.467 INFO [main] org.apache.catalina.core.ApplicationContext.log SessionListener: contextInitialized()
19-Nov-2025 22:48:49.468 INFO [main] org.apache.catalina.core.ApplicationContext.log ContextListener: attributeAdded('StockTicker', 'async.Stockticker@22d9c961')
19-Nov-2025 22:49:01.199 SEVERE [http-nio-8080-exec-1] org.apache.catalina.core.StandardWrapperValve.invoke Servlet.service() for servlet [jsp] in context with path [/MolaBookStore] threw exception [/login.jsp (line: [135], column: [1]) Page directive must not have multiple occurrences of pageencoding] with root cause
	org.apache.jasper.JasperException: /login.jsp (line: [135], column: [1]) Page directive must not have multiple occurrences of pageencoding
		at org.apache.jasper.compiler.DefaultErrorHandler.jspError(DefaultErrorHandler.java:41)
		at org.apache.jasper.compiler.ErrorDispatcher.dispatch(ErrorDispatcher.java:292)
		at org.apache.jasper.compiler.ErrorDispatcher.jspError(ErrorDispatcher.java:115)
		at org.apache.jasper.compiler.Validator$DirectiveVisitor.visit(Validator.java:200)
		at org.apache.jasper.compiler.Node$PageDirective.accept(Node.java:576)
		at org.apache.jasper.compiler.Node$Nodes.visit(Node.java:2375)
		at org.apache.jasper.compiler.Node$Visitor.visitBody(Node.java:2431)
		at org.apache.jasper.compiler.Node$Visitor.visit(Node.java:2437)
		at org.apache.jasper.compiler.Node$Root.accept(Node.java:467)
		at org.apache.jasper.compiler.Node$Nodes.visit(Node.java:2375)
		at org.apache.jasper.compiler.Validator.validateDirectives(Validator.java:1829)
		at org.apache.jasper.compiler.Compiler.generateJava(Compiler.java:204)
		at org.apache.jasper.compiler.Compiler.compile(Compiler.java:392)
		at org.apache.jasper.compiler.Compiler.compile(Compiler.java:368)
		at org.apache.jasper.compiler.Compiler.compile(Compiler.java:352)
		at org.apache.jasper.JspCompilationContext.compile(JspCompilationContext.java:603)
		at org.apache.jasper.servlet.JspServletWrapper.service(JspServletWrapper.java:399)
		at org.apache.jasper.servlet.JspServlet.serviceJspFile(JspServlet.java:379)
		at org.apache.jasper.servlet.JspServlet.service(JspServlet.java:327)
		at javax.servlet.http.HttpServlet.service(HttpServlet.java:623)
		at org.apache.catalina.core.ApplicationFilterChain.internalDoFilter(ApplicationFilterChain.java:209)
		at org.apache.catalina.core.ApplicationFilterChain.doFilter(ApplicationFilterChain.java:153)
		at org.apache.tomcat.websocket.server.WsFilter.doFilter(WsFilter.java:51)
		at org.apache.catalina.core.ApplicationFilterChain.internalDoFilter(ApplicationFilterChain.java:178)
		at org.apache.catalina.core.ApplicationFilterChain.doFilter(ApplicationFilterChain.java:153)
		at org.apache.catalina.core.StandardWrapperValve.invoke(StandardWrapperValve.java:168)
		at org.apache.catalina.core.StandardContextValve.invoke(StandardContextValve.java:90)
		at org.apache.catalina.authenticator.AuthenticatorBase.invoke(AuthenticatorBase.java:481)
		at org.apache.catalina.core.StandardHostValve.invoke(StandardHostValve.java:130)
		at org.apache.catalina.valves.ErrorReportValve.invoke(ErrorReportValve.java:93)
		at org.apache.catalina.valves.AbstractAccessLogValve.invoke(AbstractAccessLogValve.java:670)
		at org.apache.catalina.core.StandardEngineValve.invoke(StandardEngineValve.java:74)
		at org.apache.catalina.connector.CoyoteAdapter.service(CoyoteAdapter.java:343)
		at org.apache.coyote.http11.Http11Processor.service(Http11Processor.java:390)
		at org.apache.coyote.AbstractProcessorLight.process(AbstractProcessorLight.java:63)
		at org.apache.coyote.AbstractProtocol$ConnectionHandler.process(AbstractProtocol.java:926)
		at org.apache.tomcat.util.net.NioEndpoint$SocketProcessor.doRun(NioEndpoint.java:1790)
		at org.apache.tomcat.util.net.SocketProcessorBase.run(SocketProcessorBase.java:52)
		at org.apache.tomcat.util.threads.ThreadPoolExecutor.runWorker(ThreadPoolExecutor.java:1191)
		at org.apache.tomcat.util.threads.ThreadPoolExecutor$Worker.run(ThreadPoolExecutor.java:659)
		at org.apache.tomcat.util.threads.TaskThread$WrappingRunnable.run(TaskThread.java:61)
		at java.base/java.lang.Thread.run(Thread.java:829)
19-Nov-2025 22:58:50.112 SEVERE [http-nio-8080-exec-14] org.apache.catalina.core.StandardWrapperValve.invoke Servlet.service() for servlet [SignupServlet] in context with path [/MolaBookStore] threw exception [Servlet execution threw an exception] with root cause
	java.lang.ClassNotFoundException: org.mindrot.jbcrypt.BCrypt
		at org.apache.catalina.loader.WebappClassLoaderBase.loadClass(WebappClassLoaderBase.java:1412)
		at org.apache.catalina.loader.WebappClassLoaderBase.loadClass(WebappClassLoaderBase.java:1220)
		at com.bookstore.servlets.SignupServlet.doPost(SignupServlet.java:33)
		at javax.servlet.http.HttpServlet.service(HttpServlet.java:555)
		at javax.servlet.http.HttpServlet.service(HttpServlet.java:623)
		at org.apache.catalina.core.ApplicationFilterChain.internalDoFilter(ApplicationFilterChain.java:209)
		at org.apache.catalina.core.ApplicationFilterChain.doFilter(ApplicationFilterChain.java:153)
		at org.apache.tomcat.websocket.server.WsFilter.doFilter(WsFilter.java:51)
		at org.apache.catalina.core.ApplicationFilterChain.internalDoFilter(ApplicationFilterChain.java:178)
		at org.apache.catalina.core.ApplicationFilterChain.doFilter(ApplicationFilterChain.java:153)
		at org.apache.catalina.core.StandardWrapperValve.invoke(StandardWrapperValve.java:168)
		at org.apache.catalina.core.StandardContextValve.invoke(StandardContextValve.java:90)
		at org.apache.catalina.authenticator.AuthenticatorBase.invoke(AuthenticatorBase.java:481)
		at org.apache.catalina.core.StandardHostValve.invoke(StandardHostValve.java:130)
		at org.apache.catalina.valves.ErrorReportValve.invoke(ErrorReportValve.java:93)
		at org.apache.catalina.valves.AbstractAccessLogValve.invoke(AbstractAccessLogValve.java:670)
		at org.apache.catalina.core.StandardEngineValve.invoke(StandardEngineValve.java:74)
		at org.apache.catalina.connector.CoyoteAdapter.service(CoyoteAdapter.java:343)
		at org.apache.coyote.http11.Http11Processor.service(Http11Processor.java:390)
		at org.apache.coyote.AbstractProcessorLight.process(AbstractProcessorLight.java:63)
		at org.apache.coyote.AbstractProtocol$ConnectionHandler.process(AbstractProtocol.java:926)
		at org.apache.tomcat.util.net.NioEndpoint$SocketProcessor.doRun(NioEndpoint.java:1790)
		at org.apache.tomcat.util.net.SocketProcessorBase.run(SocketProcessorBase.java:52)
		at org.apache.tomcat.util.threads.ThreadPoolExecutor.runWorker(ThreadPoolExecutor.java:1191)
		at org.apache.tomcat.util.threads.ThreadPoolExecutor$Worker.run(ThreadPoolExecutor.java:659)
		at org.apache.tomcat.util.threads.TaskThread$WrappingRunnable.run(TaskThread.java:61)
		at java.base/java.lang.Thread.run(Thread.java:829)
19-Nov-2025 22:58:50.297 SEVERE [http-nio-8080-exec-11] org.apache.catalina.core.ApplicationDispatcher.invoke Servlet.service() for servlet [jsp] threw exception
	org.apache.jasper.JasperException: /login.jsp (line: [135], column: [1]) Page directive must not have multiple occurrences of pageencoding
		at org.apache.jasper.compiler.DefaultErrorHandler.jspError(DefaultErrorHandler.java:41)
		at org.apache.jasper.compiler.ErrorDispatcher.dispatch(ErrorDispatcher.java:292)
		at org.apache.jasper.compiler.ErrorDispatcher.jspError(ErrorDispatcher.java:115)
		at org.apache.jasper.compiler.Validator$DirectiveVisitor.visit(Validator.java:200)
		at org.apache.jasper.compiler.Node$PageDirective.accept(Node.java:576)
		at org.apache.jasper.compiler.Node$Nodes.visit(Node.java:2375)
		at org.apache.jasper.compiler.Node$Visitor.visitBody(Node.java:2431)
		at org.apache.jasper.compiler.Node$Visitor.visit(Node.java:2437)
		at org.apache.jasper.compiler.Node$Root.accept(Node.java:467)
		at org.apache.jasper.compiler.Node$Nodes.visit(Node.java:2375)
		at org.apache.jasper.compiler.Validator.validateDirectives(Validator.java:1829)
		at org.apache.jasper.compiler.Compiler.generateJava(Compiler.java:204)
		at org.apache.jasper.compiler.Compiler.compile(Compiler.java:392)
		at org.apache.jasper.compiler.Compiler.compile(Compiler.java:368)
		at org.apache.jasper.compiler.Compiler.compile(Compiler.java:352)
		at org.apache.jasper.JspCompilationContext.compile(JspCompilationContext.java:603)
		at org.apache.jasper.servlet.JspServletWrapper.service(JspServletWrapper.java:399)
		at org.apache.jasper.servlet.JspServlet.serviceJspFile(JspServlet.java:379)
		at org.apache.jasper.servlet.JspServlet.service(JspServlet.java:327)
		at javax.servlet.http.HttpServlet.service(HttpServlet.java:623)
		at org.apache.catalina.core.ApplicationFilterChain.internalDoFilter(ApplicationFilterChain.java:209)
		at org.apache.catalina.core.ApplicationFilterChain.doFilter(ApplicationFilterChain.java:153)
		at org.apache.tomcat.websocket.server.WsFilter.doFilter(WsFilter.java:51)
		at org.apache.catalina.core.ApplicationFilterChain.internalDoFilter(ApplicationFilterChain.java:178)
		at org.apache.catalina.core.ApplicationFilterChain.doFilter(ApplicationFilterChain.java:153)
		at org.apache.catalina.core.ApplicationDispatcher.invoke(ApplicationDispatcher.java:661)
		at org.apache.catalina.core.ApplicationDispatcher.processRequest(ApplicationDispatcher.java:425)
		at org.apache.catalina.core.ApplicationDispatcher.doForward(ApplicationDispatcher.java:357)
		at org.apache.catalina.core.ApplicationDispatcher.forward(ApplicationDispatcher.java:294)
		at com.bookstore.servlets.LoginServlet.doPost(LoginServlet.java:42)
		at javax.servlet.http.HttpServlet.service(HttpServlet.java:555)
		at javax.servlet.http.HttpServlet.service(HttpServlet.java:623)
		at org.apache.catalina.core.ApplicationFilterChain.internalDoFilter(ApplicationFilterChain.java:209)
		at org.apache.catalina.core.ApplicationFilterChain.doFilter(ApplicationFilterChain.java:153)
		at org.apache.tomcat.websocket.server.WsFilter.doFilter(WsFilter.java:51)
		at org.apache.catalina.core.ApplicationFilterChain.internalDoFilter(ApplicationFilterChain.java:178)
		at org.apache.catalina.core.ApplicationFilterChain.doFilter(ApplicationFilterChain.java:153)
		at org.apache.catalina.core.StandardWrapperValve.invoke(StandardWrapperValve.java:168)
		at org.apache.catalina.core.StandardContextValve.invoke(StandardContextValve.java:90)
		at org.apache.catalina.authenticator.AuthenticatorBase.invoke(AuthenticatorBase.java:481)
		at org.apache.catalina.core.StandardHostValve.invoke(StandardHostValve.java:130)
		at org.apache.catalina.valves.ErrorReportValve.invoke(ErrorReportValve.java:93)
		at org.apache.catalina.valves.AbstractAccessLogValve.invoke(AbstractAccessLogValve.java:670)
		at org.apache.catalina.core.StandardEngineValve.invoke(StandardEngineValve.java:74)
		at org.apache.catalina.connector.CoyoteAdapter.service(CoyoteAdapter.java:343)
		at org.apache.coyote.http11.Http11Processor.service(Http11Processor.java:390)
		at org.apache.coyote.AbstractProcessorLight.process(AbstractProcessorLight.java:63)
		at org.apache.coyote.AbstractProtocol$ConnectionHandler.process(AbstractProtocol.java:926)
		at org.apache.tomcat.util.net.NioEndpoint$SocketProcessor.doRun(NioEndpoint.java:1790)
		at org.apache.tomcat.util.net.SocketProcessorBase.run(SocketProcessorBase.java:52)
		at org.apache.tomcat.util.threads.ThreadPoolExecutor.runWorker(ThreadPoolExecutor.java:1191)
		at org.apache.tomcat.util.threads.ThreadPoolExecutor$Worker.run(ThreadPoolExecutor.java:659)
		at org.apache.tomcat.util.threads.TaskThread$WrappingRunnable.run(TaskThread.java:61)
		at java.base/java.lang.Thread.run(Thread.java:829)
19-Nov-2025 22:58:50.297 SEVERE [http-nio-8080-exec-11] org.apache.catalina.core.StandardWrapperValve.invoke Servlet.service() for servlet [LoginServlet] in context with path [/MolaBookStore] threw exception [/login.jsp (line: [135], column: [1]) Page directive must not have multiple occurrences of pageencoding] with root cause
	org.apache.jasper.JasperException: /login.jsp (line: [135], column: [1]) Page directive must not have multiple occurrences of pageencoding
		at org.apache.jasper.compiler.DefaultErrorHandler.jspError(DefaultErrorHandler.java:41)
		at org.apache.jasper.compiler.ErrorDispatcher.dispatch(ErrorDispatcher.java:292)
		at org.apache.jasper.compiler.ErrorDispatcher.jspError(ErrorDispatcher.java:115)
		at org.apache.jasper.compiler.Validator$DirectiveVisitor.visit(Validator.java:200)
		at org.apache.jasper.compiler.Node$PageDirective.accept(Node.java:576)
		at org.apache.jasper.compiler.Node$Nodes.visit(Node.java:2375)
		at org.apache.jasper.compiler.Node$Visitor.visitBody(Node.java:2431)
		at org.apache.jasper.compiler.Node$Visitor.visit(Node.java:2437)
		at org.apache.jasper.compiler.Node$Root.accept(Node.java:467)
		at org.apache.jasper.compiler.Node$Nodes.visit(Node.java:2375)
		at org.apache.jasper.compiler.Validator.validateDirectives(Validator.java:1829)
		at org.apache.jasper.compiler.Compiler.generateJava(Compiler.java:204)
		at org.apache.jasper.compiler.Compiler.compile(Compiler.java:392)
		at org.apache.jasper.compiler.Compiler.compile(Compiler.java:368)
		at org.apache.jasper.compiler.Compiler.compile(Compiler.java:352)
		at org.apache.jasper.JspCompilationContext.compile(JspCompilationContext.java:603)
		at org.apache.jasper.servlet.JspServletWrapper.service(JspServletWrapper.java:399)
		at org.apache.jasper.servlet.JspServlet.serviceJspFile(JspServlet.java:379)
		at org.apache.jasper.servlet.JspServlet.service(JspServlet.java:327)
		at javax.servlet.http.HttpServlet.service(HttpServlet.java:623)
		at org.apache.catalina.core.ApplicationFilterChain.internalDoFilter(ApplicationFilterChain.java:209)
		at org.apache.catalina.core.ApplicationFilterChain.doFilter(ApplicationFilterChain.java:153)
		at org.apache.tomcat.websocket.server.WsFilter.doFilter(WsFilter.java:51)
		at org.apache.catalina.core.ApplicationFilterChain.internalDoFilter(ApplicationFilterChain.java:178)
		at org.apache.catalina.core.ApplicationFilterChain.doFilter(ApplicationFilterChain.java:153)
		at org.apache.catalina.core.ApplicationDispatcher.invoke(ApplicationDispatcher.java:661)
		at org.apache.catalina.core.ApplicationDispatcher.processRequest(ApplicationDispatcher.java:425)
		at org.apache.catalina.core.ApplicationDispatcher.doForward(ApplicationDispatcher.java:357)
		at org.apache.catalina.core.ApplicationDispatcher.forward(ApplicationDispatcher.java:294)
		at com.bookstore.servlets.LoginServlet.doPost(LoginServlet.java:42)
		at javax.servlet.http.HttpServlet.service(HttpServlet.java:555)
		at javax.servlet.http.HttpServlet.service(HttpServlet.java:623)
		at org.apache.catalina.core.ApplicationFilterChain.internalDoFilter(ApplicationFilterChain.java:209)
		at org.apache.catalina.core.ApplicationFilterChain.doFilter(ApplicationFilterChain.java:153)
		at org.apache.tomcat.websocket.server.WsFilter.doFilter(WsFilter.java:51)
		at org.apache.catalina.core.ApplicationFilterChain.internalDoFilter(ApplicationFilterChain.java:178)
		at org.apache.catalina.core.ApplicationFilterChain.doFilter(ApplicationFilterChain.java:153)
		at org.apache.catalina.core.StandardWrapperValve.invoke(StandardWrapperValve.java:168)
		at org.apache.catalina.core.StandardContextValve.invoke(StandardContextValve.java:90)
		at org.apache.catalina.authenticator.AuthenticatorBase.invoke(AuthenticatorBase.java:481)
		at org.apache.catalina.core.StandardHostValve.invoke(StandardHostValve.java:130)
		at org.apache.catalina.valves.ErrorReportValve.invoke(ErrorReportValve.java:93)
		at org.apache.catalina.valves.AbstractAccessLogValve.invoke(AbstractAccessLogValve.java:670)
		at org.apache.catalina.core.StandardEngineValve.invoke(StandardEngineValve.java:74)
		at org.apache.catalina.connector.CoyoteAdapter.service(CoyoteAdapter.java:343)
		at org.apache.coyote.http11.Http11Processor.service(Http11Processor.java:390)
		at org.apache.coyote.AbstractProcessorLight.process(AbstractProcessorLight.java:63)
		at org.apache.coyote.AbstractProtocol$ConnectionHandler.process(AbstractProtocol.java:926)
		at org.apache.tomcat.util.net.NioEndpoint$SocketProcessor.doRun(NioEndpoint.java:1790)
		at org.apache.tomcat.util.net.SocketProcessorBase.run(SocketProcessorBase.java:52)
		at org.apache.tomcat.util.threads.ThreadPoolExecutor.runWorker(ThreadPoolExecutor.java:1191)
		at org.apache.tomcat.util.threads.ThreadPoolExecutor$Worker.run(ThreadPoolExecutor.java:659)
		at org.apache.tomcat.util.threads.TaskThread$WrappingRunnable.run(TaskThread.java:61)
		at java.base/java.lang.Thread.run(Thread.java:829)
19-Nov-2025 22:59:04.698 SEVERE [http-nio-8080-exec-17] org.apache.catalina.core.StandardWrapperValve.invoke Servlet.service() for servlet [SignupServlet] in context with path [/MolaBookStore] threw exception [Servlet execution threw an exception] with root cause
	java.lang.NoClassDefFoundError: org/mindrot/jbcrypt/BCrypt
		at com.bookstore.servlets.SignupServlet.doPost(SignupServlet.java:33)
		at javax.servlet.http.HttpServlet.service(HttpServlet.java:555)
		at javax.servlet.http.HttpServlet.service(HttpServlet.java:623)
		at org.apache.catalina.core.ApplicationFilterChain.internalDoFilter(ApplicationFilterChain.java:209)
		at org.apache.catalina.core.ApplicationFilterChain.doFilter(ApplicationFilterChain.java:153)
		at org.apache.tomcat.websocket.server.WsFilter.doFilter(WsFilter.java:51)
		at org.apache.catalina.core.ApplicationFilterChain.internalDoFilter(ApplicationFilterChain.java:178)
		at org.apache.catalina.core.ApplicationFilterChain.doFilter(ApplicationFilterChain.java:153)
		at org.apache.catalina.core.StandardWrapperValve.invoke(StandardWrapperValve.java:168)
		at org.apache.catalina.core.StandardContextValve.invoke(StandardContextValve.java:90)
		at org.apache.catalina.authenticator.AuthenticatorBase.invoke(AuthenticatorBase.java:481)
		at org.apache.catalina.core.StandardHostValve.invoke(StandardHostValve.java:130)
		at org.apache.catalina.valves.ErrorReportValve.invoke(ErrorReportValve.java:93)
		at org.apache.catalina.valves.AbstractAccessLogValve.invoke(AbstractAccessLogValve.java:670)
		at org.apache.catalina.core.StandardEngineValve.invoke(StandardEngineValve.java:74)
		at org.apache.catalina.connector.CoyoteAdapter.service(CoyoteAdapter.java:343)
		at org.apache.coyote.http11.Http11Processor.service(Http11Processor.java:390)
		at org.apache.coyote.AbstractProcessorLight.process(AbstractProcessorLight.java:63)
		at org.apache.coyote.AbstractProtocol$ConnectionHandler.process(AbstractProtocol.java:926)
		at org.apache.tomcat.util.net.NioEndpoint$SocketProcessor.doRun(NioEndpoint.java:1790)
		at org.apache.tomcat.util.net.SocketProcessorBase.run(SocketProcessorBase.java:52)
		at org.apache.tomcat.util.threads.ThreadPoolExecutor.runWorker(ThreadPoolExecutor.java:1191)
		at org.apache.tomcat.util.threads.ThreadPoolExecutor$Worker.run(ThreadPoolExecutor.java:659)
		at org.apache.tomcat.util.threads.TaskThread$WrappingRunnable.run(TaskThread.java:61)
		at java.base/java.lang.Thread.run(Thread.java:829)
19-Nov-2025 22:59:04.832 SEVERE [http-nio-8080-exec-14] org.apache.catalina.core.ApplicationDispatcher.invoke Servlet.service() for servlet [jsp] threw exception
	org.apache.jasper.JasperException: /login.jsp (line: [135], column: [1]) Page directive must not have multiple occurrences of pageencoding
		at org.apache.jasper.compiler.DefaultErrorHandler.jspError(DefaultErrorHandler.java:41)
		at org.apache.jasper.compiler.ErrorDispatcher.dispatch(ErrorDispatcher.java:292)
		at org.apache.jasper.compiler.ErrorDispatcher.jspError(ErrorDispatcher.java:115)
		at org.apache.jasper.compiler.Validator$DirectiveVisitor.visit(Validator.java:200)
		at org.apache.jasper.compiler.Node$PageDirective.accept(Node.java:576)
		at org.apache.jasper.compiler.Node$Nodes.visit(Node.java:2375)
		at org.apache.jasper.compiler.Node$Visitor.visitBody(Node.java:2431)
		at org.apache.jasper.compiler.Node$Visitor.visit(Node.java:2437)
		at org.apache.jasper.compiler.Node$Root.accept(Node.java:467)
		at org.apache.jasper.compiler.Node$Nodes.visit(Node.java:2375)
		at org.apache.jasper.compiler.Validator.validateDirectives(Validator.java:1829)
		at org.apache.jasper.compiler.Compiler.generateJava(Compiler.java:204)
		at org.apache.jasper.compiler.Compiler.compile(Compiler.java:392)
		at org.apache.jasper.compiler.Compiler.compile(Compiler.java:368)
		at org.apache.jasper.compiler.Compiler.compile(Compiler.java:352)
		at org.apache.jasper.JspCompilationContext.compile(JspCompilationContext.java:603)
		at org.apache.jasper.servlet.JspServletWrapper.service(JspServletWrapper.java:399)
		at org.apache.jasper.servlet.JspServlet.serviceJspFile(JspServlet.java:379)
		at org.apache.jasper.servlet.JspServlet.service(JspServlet.java:327)
		at javax.servlet.http.HttpServlet.service(HttpServlet.java:623)
		at org.apache.catalina.core.ApplicationFilterChain.internalDoFilter(ApplicationFilterChain.java:209)
		at org.apache.catalina.core.ApplicationFilterChain.doFilter(ApplicationFilterChain.java:153)
		at org.apache.tomcat.websocket.server.WsFilter.doFilter(WsFilter.java:51)
		at org.apache.catalina.core.ApplicationFilterChain.internalDoFilter(ApplicationFilterChain.java:178)
		at org.apache.catalina.core.ApplicationFilterChain.doFilter(ApplicationFilterChain.java:153)
		at org.apache.catalina.core.ApplicationDispatcher.invoke(ApplicationDispatcher.java:661)
		at org.apache.catalina.core.ApplicationDispatcher.processRequest(ApplicationDispatcher.java:425)
		at org.apache.catalina.core.ApplicationDispatcher.doForward(ApplicationDispatcher.java:357)
		at org.apache.catalina.core.ApplicationDispatcher.forward(ApplicationDispatcher.java:294)
		at com.bookstore.servlets.LoginServlet.doPost(LoginServlet.java:42)
		at javax.servlet.http.HttpServlet.service(HttpServlet.java:555)
		at javax.servlet.http.HttpServlet.service(HttpServlet.java:623)
		at org.apache.catalina.core.ApplicationFilterChain.internalDoFilter(ApplicationFilterChain.java:209)
		at org.apache.catalina.core.ApplicationFilterChain.doFilter(ApplicationFilterChain.java:153)
		at org.apache.tomcat.websocket.server.WsFilter.doFilter(WsFilter.java:51)
		at org.apache.catalina.core.ApplicationFilterChain.internalDoFilter(ApplicationFilterChain.java:178)
		at org.apache.catalina.core.ApplicationFilterChain.doFilter(ApplicationFilterChain.java:153)
		at org.apache.catalina.core.StandardWrapperValve.invoke(StandardWrapperValve.java:168)
		at org.apache.catalina.core.StandardContextValve.invoke(StandardContextValve.java:90)
		at org.apache.catalina.authenticator.AuthenticatorBase.invoke(AuthenticatorBase.java:481)
		at org.apache.catalina.core.StandardHostValve.invoke(StandardHostValve.java:130)
		at org.apache.catalina.valves.ErrorReportValve.invoke(ErrorReportValve.java:93)
		at org.apache.catalina.valves.AbstractAccessLogValve.invoke(AbstractAccessLogValve.java:670)
		at org.apache.catalina.core.StandardEngineValve.invoke(StandardEngineValve.java:74)
		at org.apache.catalina.connector.CoyoteAdapter.service(CoyoteAdapter.java:343)
		at org.apache.coyote.http11.Http11Processor.service(Http11Processor.java:390)
		at org.apache.coyote.AbstractProcessorLight.process(AbstractProcessorLight.java:63)
		at org.apache.coyote.AbstractProtocol$ConnectionHandler.process(AbstractProtocol.java:926)
		at org.apache.tomcat.util.net.NioEndpoint$SocketProcessor.doRun(NioEndpoint.java:1790)
		at org.apache.tomcat.util.net.SocketProcessorBase.run(SocketProcessorBase.java:52)
		at org.apache.tomcat.util.threads.ThreadPoolExecutor.runWorker(ThreadPoolExecutor.java:1191)
		at org.apache.tomcat.util.threads.ThreadPoolExecutor$Worker.run(ThreadPoolExecutor.java:659)
		at org.apache.tomcat.util.threads.TaskThread$WrappingRunnable.run(TaskThread.java:61)
		at java.base/java.lang.Thread.run(Thread.java:829)
19-Nov-2025 22:59:04.836 SEVERE [http-nio-8080-exec-14] org.apache.catalina.core.StandardWrapperValve.invoke Servlet.service() for servlet [LoginServlet] in context with path [/MolaBookStore] threw exception [/login.jsp (line: [135], column: [1]) Page directive must not have multiple occurrences of pageencoding] with root cause
	org.apache.jasper.JasperException: /login.jsp (line: [135], column: [1]) Page directive must not have multiple occurrences of pageencoding
		at org.apache.jasper.compiler.DefaultErrorHandler.jspError(DefaultErrorHandler.java:41)
		at org.apache.jasper.compiler.ErrorDispatcher.dispatch(ErrorDispatcher.java:292)
		at org.apache.jasper.compiler.ErrorDispatcher.jspError(ErrorDispatcher.java:115)
		at org.apache.jasper.compiler.Validator$DirectiveVisitor.visit(Validator.java:200)
		at org.apache.jasper.compiler.Node$PageDirective.accept(Node.java:576)
		at org.apache.jasper.compiler.Node$Nodes.visit(Node.java:2375)
		at org.apache.jasper.compiler.Node$Visitor.visitBody(Node.java:2431)
		at org.apache.jasper.compiler.Node$Visitor.visit(Node.java:2437)
		at org.apache.jasper.compiler.Node$Root.accept(Node.java:467)
		at org.apache.jasper.compiler.Node$Nodes.visit(Node.java:2375)
		at org.apache.jasper.compiler.Validator.validateDirectives(Validator.java:1829)
		at org.apache.jasper.compiler.Compiler.generateJava(Compiler.java:204)
		at org.apache.jasper.compiler.Compiler.compile(Compiler.java:392)
		at org.apache.jasper.compiler.Compiler.compile(Compiler.java:368)
		at org.apache.jasper.compiler.Compiler.compile(Compiler.java:352)
		at org.apache.jasper.JspCompilationContext.compile(JspCompilationContext.java:603)
		at org.apache.jasper.servlet.JspServletWrapper.service(JspServletWrapper.java:399)
		at org.apache.jasper.servlet.JspServlet.serviceJspFile(JspServlet.java:379)
		at org.apache.jasper.servlet.JspServlet.service(JspServlet.java:327)
		at javax.servlet.http.HttpServlet.service(HttpServlet.java:623)
		at org.apache.catalina.core.ApplicationFilterChain.internalDoFilter(ApplicationFilterChain.java:209)
		at org.apache.catalina.core.ApplicationFilterChain.doFilter(ApplicationFilterChain.java:153)
		at org.apache.tomcat.websocket.server.WsFilter.doFilter(WsFilter.java:51)
		at org.apache.catalina.core.ApplicationFilterChain.internalDoFilter(ApplicationFilterChain.java:178)
		at org.apache.catalina.core.ApplicationFilterChain.doFilter(ApplicationFilterChain.java:153)
		at org.apache.catalina.core.ApplicationDispatcher.invoke(ApplicationDispatcher.java:661)
		at org.apache.catalina.core.ApplicationDispatcher.processRequest(ApplicationDispatcher.java:425)
		at org.apache.catalina.core.ApplicationDispatcher.doForward(ApplicationDispatcher.java:357)
		at org.apache.catalina.core.ApplicationDispatcher.forward(ApplicationDispatcher.java:294)
		at com.bookstore.servlets.LoginServlet.doPost(LoginServlet.java:42)
		at javax.servlet.http.HttpServlet.service(HttpServlet.java:555)
		at javax.servlet.http.HttpServlet.service(HttpServlet.java:623)
		at org.apache.catalina.core.ApplicationFilterChain.internalDoFilter(ApplicationFilterChain.java:209)
		at org.apache.catalina.core.ApplicationFilterChain.doFilter(ApplicationFilterChain.java:153)
		at org.apache.tomcat.websocket.server.WsFilter.doFilter(WsFilter.java:51)
		at org.apache.catalina.core.ApplicationFilterChain.internalDoFilter(ApplicationFilterChain.java:178)
		at org.apache.catalina.core.ApplicationFilterChain.doFilter(ApplicationFilterChain.java:153)
		at org.apache.catalina.core.StandardWrapperValve.invoke(StandardWrapperValve.java:168)
		at org.apache.catalina.core.StandardContextValve.invoke(StandardContextValve.java:90)
		at org.apache.catalina.authenticator.AuthenticatorBase.invoke(AuthenticatorBase.java:481)
		at org.apache.catalina.core.StandardHostValve.invoke(StandardHostValve.java:130)
		at org.apache.catalina.valves.ErrorReportValve.invoke(ErrorReportValve.java:93)
		at org.apache.catalina.valves.AbstractAccessLogValve.invoke(AbstractAccessLogValve.java:670)
		at org.apache.catalina.core.StandardEngineValve.invoke(StandardEngineValve.java:74)
		at org.apache.catalina.connector.CoyoteAdapter.service(CoyoteAdapter.java:343)
		at org.apache.coyote.http11.Http11Processor.service(Http11Processor.java:390)
		at org.apache.coyote.AbstractProcessorLight.process(AbstractProcessorLight.java:63)
		at org.apache.coyote.AbstractProtocol$ConnectionHandler.process(AbstractProtocol.java:926)
		at org.apache.tomcat.util.net.NioEndpoint$SocketProcessor.doRun(NioEndpoint.java:1790)
		at org.apache.tomcat.util.net.SocketProcessorBase.run(SocketProcessorBase.java:52)
		at org.apache.tomcat.util.threads.ThreadPoolExecutor.runWorker(ThreadPoolExecutor.java:1191)
		at org.apache.tomcat.util.threads.ThreadPoolExecutor$Worker.run(ThreadPoolExecutor.java:659)
		at org.apache.tomcat.util.threads.TaskThread$WrappingRunnable.run(TaskThread.java:61)
		at java.base/java.lang.Thread.run(Thread.java:829)
19-Nov-2025 22:59:14.461 SEVERE [http-nio-8080-exec-1] org.apache.catalina.core.StandardWrapperValve.invoke Servlet.service() for servlet [SignupServlet] in context with path [/MolaBookStore] threw exception [Servlet execution threw an exception] with root cause
	java.lang.NoClassDefFoundError: org/mindrot/jbcrypt/BCrypt
		at com.bookstore.servlets.SignupServlet.doPost(SignupServlet.java:33)
		at javax.servlet.http.HttpServlet.service(HttpServlet.java:555)
		at javax.servlet.http.HttpServlet.service(HttpServlet.java:623)
		at org.apache.catalina.core.ApplicationFilterChain.internalDoFilter(ApplicationFilterChain.java:209)
		at org.apache.catalina.core.ApplicationFilterChain.doFilter(ApplicationFilterChain.java:153)
		at org.apache.tomcat.websocket.server.WsFilter.doFilter(WsFilter.java:51)
		at org.apache.catalina.core.ApplicationFilterChain.internalDoFilter(ApplicationFilterChain.java:178)
		at org.apache.catalina.core.ApplicationFilterChain.doFilter(ApplicationFilterChain.java:153)
		at org.apache.catalina.core.StandardWrapperValve.invoke(StandardWrapperValve.java:168)
		at org.apache.catalina.core.StandardContextValve.invoke(StandardContextValve.java:90)
		at org.apache.catalina.authenticator.AuthenticatorBase.invoke(AuthenticatorBase.java:481)
		at org.apache.catalina.core.StandardHostValve.invoke(StandardHostValve.java:130)
		at org.apache.catalina.valves.ErrorReportValve.invoke(ErrorReportValve.java:93)
		at org.apache.catalina.valves.AbstractAccessLogValve.invoke(AbstractAccessLogValve.java:670)
		at org.apache.catalina.core.StandardEngineValve.invoke(StandardEngineValve.java:74)
		at org.apache.catalina.connector.CoyoteAdapter.service(CoyoteAdapter.java:343)
		at org.apache.coyote.http11.Http11Processor.service(Http11Processor.java:390)
		at org.apache.coyote.AbstractProcessorLight.process(AbstractProcessorLight.java:63)
		at org.apache.coyote.AbstractProtocol$ConnectionHandler.process(AbstractProtocol.java:926)
		at org.apache.tomcat.util.net.NioEndpoint$SocketProcessor.doRun(NioEndpoint.java:1790)
		at org.apache.tomcat.util.net.SocketProcessorBase.run(SocketProcessorBase.java:52)
		at org.apache.tomcat.util.threads.ThreadPoolExecutor.runWorker(ThreadPoolExecutor.java:1191)
		at org.apache.tomcat.util.threads.ThreadPoolExecutor$Worker.run(ThreadPoolExecutor.java:659)
		at org.apache.tomcat.util.threads.TaskThread$WrappingRunnable.run(TaskThread.java:61)
		at java.base/java.lang.Thread.run(Thread.java:829)
19-Nov-2025 22:59:14.644 SEVERE [http-nio-8080-exec-6] org.apache.catalina.core.ApplicationDispatcher.invoke Servlet.service() for servlet [jsp] threw exception
	org.apache.jasper.JasperException: /login.jsp (line: [135], column: [1]) Page directive must not have multiple occurrences of pageencoding
		at org.apache.jasper.compiler.DefaultErrorHandler.jspError(DefaultErrorHandler.java:41)
		at org.apache.jasper.compiler.ErrorDispatcher.dispatch(ErrorDispatcher.java:292)
		at org.apache.jasper.compiler.ErrorDispatcher.jspError(ErrorDispatcher.java:115)
		at org.apache.jasper.compiler.Validator$DirectiveVisitor.visit(Validator.java:200)
		at org.apache.jasper.compiler.Node$PageDirective.accept(Node.java:576)
		at org.apache.jasper.compiler.Node$Nodes.visit(Node.java:2375)
		at org.apache.jasper.compiler.Node$Visitor.visitBody(Node.java:2431)
		at org.apache.jasper.compiler.Node$Visitor.visit(Node.java:2437)
		at org.apache.jasper.compiler.Node$Root.accept(Node.java:467)
		at org.apache.jasper.compiler.Node$Nodes.visit(Node.java:2375)
		at org.apache.jasper.compiler.Validator.validateDirectives(Validator.java:1829)
		at org.apache.jasper.compiler.Compiler.generateJava(Compiler.java:204)
		at org.apache.jasper.compiler.Compiler.compile(Compiler.java:392)
		at org.apache.jasper.compiler.Compiler.compile(Compiler.java:368)
		at org.apache.jasper.compiler.Compiler.compile(Compiler.java:352)
		at org.apache.jasper.JspCompilationContext.compile(JspCompilationContext.java:603)
		at org.apache.jasper.servlet.JspServletWrapper.service(JspServletWrapper.java:399)
		at org.apache.jasper.servlet.JspServlet.serviceJspFile(JspServlet.java:379)
		at org.apache.jasper.servlet.JspServlet.service(JspServlet.java:327)
		at javax.servlet.http.HttpServlet.service(HttpServlet.java:623)
		at org.apache.catalina.core.ApplicationFilterChain.internalDoFilter(ApplicationFilterChain.java:209)
		at org.apache.catalina.core.ApplicationFilterChain.doFilter(ApplicationFilterChain.java:153)
		at org.apache.tomcat.websocket.server.WsFilter.doFilter(WsFilter.java:51)
		at org.apache.catalina.core.ApplicationFilterChain.internalDoFilter(ApplicationFilterChain.java:178)
		at org.apache.catalina.core.ApplicationFilterChain.doFilter(ApplicationFilterChain.java:153)
		at org.apache.catalina.core.ApplicationDispatcher.invoke(ApplicationDispatcher.java:661)
		at org.apache.catalina.core.ApplicationDispatcher.processRequest(ApplicationDispatcher.java:425)
		at org.apache.catalina.core.ApplicationDispatcher.doForward(ApplicationDispatcher.java:357)
		at org.apache.catalina.core.ApplicationDispatcher.forward(ApplicationDispatcher.java:294)
		at com.bookstore.servlets.LoginServlet.doPost(LoginServlet.java:42)
		at javax.servlet.http.HttpServlet.service(HttpServlet.java:555)
		at javax.servlet.http.HttpServlet.service(HttpServlet.java:623)
		at org.apache.catalina.core.ApplicationFilterChain.internalDoFilter(ApplicationFilterChain.java:209)
		at org.apache.catalina.core.ApplicationFilterChain.doFilter(ApplicationFilterChain.java:153)
		at org.apache.tomcat.websocket.server.WsFilter.doFilter(WsFilter.java:51)
		at org.apache.catalina.core.ApplicationFilterChain.internalDoFilter(ApplicationFilterChain.java:178)
		at org.apache.catalina.core.ApplicationFilterChain.doFilter(ApplicationFilterChain.java:153)
		at org.apache.catalina.core.StandardWrapperValve.invoke(StandardWrapperValve.java:168)
		at org.apache.catalina.core.StandardContextValve.invoke(StandardContextValve.java:90)
		at org.apache.catalina.authenticator.AuthenticatorBase.invoke(AuthenticatorBase.java:481)
		at org.apache.catalina.core.StandardHostValve.invoke(StandardHostValve.java:130)
		at org.apache.catalina.valves.ErrorReportValve.invoke(ErrorReportValve.java:93)
		at org.apache.catalina.valves.AbstractAccessLogValve.invoke(AbstractAccessLogValve.java:670)
		at org.apache.catalina.core.StandardEngineValve.invoke(StandardEngineValve.java:74)
		at org.apache.catalina.connector.CoyoteAdapter.service(CoyoteAdapter.java:343)
		at org.apache.coyote.http11.Http11Processor.service(Http11Processor.java:390)
		at org.apache.coyote.AbstractProcessorLight.process(AbstractProcessorLight.java:63)
		at org.apache.coyote.AbstractProtocol$ConnectionHandler.process(AbstractProtocol.java:926)
		at org.apache.tomcat.util.net.NioEndpoint$SocketProcessor.doRun(NioEndpoint.java:1790)
		at org.apache.tomcat.util.net.SocketProcessorBase.run(SocketProcessorBase.java:52)
		at org.apache.tomcat.util.threads.ThreadPoolExecutor.runWorker(ThreadPoolExecutor.java:1191)
		at org.apache.tomcat.util.threads.ThreadPoolExecutor$Worker.run(ThreadPoolExecutor.java:659)
		at org.apache.tomcat.util.threads.TaskThread$WrappingRunnable.run(TaskThread.java:61)
		at java.base/java.lang.Thread.run(Thread.java:829)
19-Nov-2025 22:59:14.644 SEVERE [http-nio-8080-exec-6] org.apache.catalina.core.StandardWrapperValve.invoke Servlet.service() for servlet [LoginServlet] in context with path [/MolaBookStore] threw exception [/login.jsp (line: [135], column: [1]) Page directive must not have multiple occurrences of pageencoding] with root cause
	org.apache.jasper.JasperException: /login.jsp (line: [135], column: [1]) Page directive must not have multiple occurrences of pageencoding
		at org.apache.jasper.compiler.DefaultErrorHandler.jspError(DefaultErrorHandler.java:41)
		at org.apache.jasper.compiler.ErrorDispatcher.dispatch(ErrorDispatcher.java:292)
		at org.apache.jasper.compiler.ErrorDispatcher.jspError(ErrorDispatcher.java:115)
		at org.apache.jasper.compiler.Validator$DirectiveVisitor.visit(Validator.java:200)
		at org.apache.jasper.compiler.Node$PageDirective.accept(Node.java:576)
		at org.apache.jasper.compiler.Node$Nodes.visit(Node.java:2375)
		at org.apache.jasper.compiler.Node$Visitor.visitBody(Node.java:2431)
		at org.apache.jasper.compiler.Node$Visitor.visit(Node.java:2437)
		at org.apache.jasper.compiler.Node$Root.accept(Node.java:467)
		at org.apache.jasper.compiler.Node$Nodes.visit(Node.java:2375)
		at org.apache.jasper.compiler.Validator.validateDirectives(Validator.java:1829)
		at org.apache.jasper.compiler.Compiler.generateJava(Compiler.java:204)
		at org.apache.jasper.compiler.Compiler.compile(Compiler.java:392)
		at org.apache.jasper.compiler.Compiler.compile(Compiler.java:368)
		at org.apache.jasper.compiler.Compiler.compile(Compiler.java:352)
		at org.apache.jasper.JspCompilationContext.compile(JspCompilationContext.java:603)
		at org.apache.jasper.servlet.JspServletWrapper.service(JspServletWrapper.java:399)
		at org.apache.jasper.servlet.JspServlet.serviceJspFile(JspServlet.java:379)
		at org.apache.jasper.servlet.JspServlet.service(JspServlet.java:327)
		at javax.servlet.http.HttpServlet.service(HttpServlet.java:623)
		at org.apache.catalina.core.ApplicationFilterChain.internalDoFilter(ApplicationFilterChain.java:209)
		at org.apache.catalina.core.ApplicationFilterChain.doFilter(ApplicationFilterChain.java:153)
		at org.apache.tomcat.websocket.server.WsFilter.doFilter(WsFilter.java:51)
		at org.apache.catalina.core.ApplicationFilterChain.internalDoFilter(ApplicationFilterChain.java:178)
		at org.apache.catalina.core.ApplicationFilterChain.doFilter(ApplicationFilterChain.java:153)
		at org.apache.catalina.core.ApplicationDispatcher.invoke(ApplicationDispatcher.java:661)
		at org.apache.catalina.core.ApplicationDispatcher.processRequest(ApplicationDispatcher.java:425)
		at org.apache.catalina.core.ApplicationDispatcher.doForward(ApplicationDispatcher.java:357)
		at org.apache.catalina.core.ApplicationDispatcher.forward(ApplicationDispatcher.java:294)
		at com.bookstore.servlets.LoginServlet.doPost(LoginServlet.java:42)
		at javax.servlet.http.HttpServlet.service(HttpServlet.java:555)
		at javax.servlet.http.HttpServlet.service(HttpServlet.java:623)
		at org.apache.catalina.core.ApplicationFilterChain.internalDoFilter(ApplicationFilterChain.java:209)
		at org.apache.catalina.core.ApplicationFilterChain.doFilter(ApplicationFilterChain.java:153)
		at org.apache.tomcat.websocket.server.WsFilter.doFilter(WsFilter.java:51)
		at org.apache.catalina.core.ApplicationFilterChain.internalDoFilter(ApplicationFilterChain.java:178)
		at org.apache.catalina.core.ApplicationFilterChain.doFilter(ApplicationFilterChain.java:153)
		at org.apache.catalina.core.StandardWrapperValve.invoke(StandardWrapperValve.java:168)
		at org.apache.catalina.core.StandardContextValve.invoke(StandardContextValve.java:90)
		at org.apache.catalina.authenticator.AuthenticatorBase.invoke(AuthenticatorBase.java:481)
		at org.apache.catalina.core.StandardHostValve.invoke(StandardHostValve.java:130)
		at org.apache.catalina.valves.ErrorReportValve.invoke(ErrorReportValve.java:93)
		at org.apache.catalina.valves.AbstractAccessLogValve.invoke(AbstractAccessLogValve.java:670)
		at org.apache.catalina.core.StandardEngineValve.invoke(StandardEngineValve.java:74)
		at org.apache.catalina.connector.CoyoteAdapter.service(CoyoteAdapter.java:343)
		at org.apache.coyote.http11.Http11Processor.service(Http11Processor.java:390)
		at org.apache.coyote.AbstractProcessorLight.process(AbstractProcessorLight.java:63)
		at org.apache.coyote.AbstractProtocol$ConnectionHandler.process(AbstractProtocol.java:926)
		at org.apache.tomcat.util.net.NioEndpoint$SocketProcessor.doRun(NioEndpoint.java:1790)
		at org.apache.tomcat.util.net.SocketProcessorBase.run(SocketProcessorBase.java:52)
		at org.apache.tomcat.util.threads.ThreadPoolExecutor.runWorker(ThreadPoolExecutor.java:1191)
		at org.apache.tomcat.util.threads.ThreadPoolExecutor$Worker.run(ThreadPoolExecutor.java:659)
		at org.apache.tomcat.util.threads.TaskThread$WrappingRunnable.run(TaskThread.java:61)
		at java.base/java.lang.Thread.run(Thread.java:829)
19-Nov-2025 22:59:24.598 SEVERE [http-nio-8080-exec-13] org.apache.catalina.core.StandardWrapperValve.invoke Servlet.service() for servlet [SignupServlet] in context with path [/MolaBookStore] threw exception [Servlet execution threw an exception] with root cause
	java.lang.NoClassDefFoundError: org/mindrot/jbcrypt/BCrypt
		at com.bookstore.servlets.SignupServlet.doPost(SignupServlet.java:33)
		at javax.servlet.http.HttpServlet.service(HttpServlet.java:555)
		at javax.servlet.http.HttpServlet.service(HttpServlet.java:623)
		at org.apache.catalina.core.ApplicationFilterChain.internalDoFilter(ApplicationFilterChain.java:209)
		at org.apache.catalina.core.ApplicationFilterChain.doFilter(ApplicationFilterChain.java:153)
		at org.apache.tomcat.websocket.server.WsFilter.doFilter(WsFilter.java:51)
		at org.apache.catalina.core.ApplicationFilterChain.internalDoFilter(ApplicationFilterChain.java:178)
		at org.apache.catalina.core.ApplicationFilterChain.doFilter(ApplicationFilterChain.java:153)
		at org.apache.catalina.core.StandardWrapperValve.invoke(StandardWrapperValve.java:168)
		at org.apache.catalina.core.StandardContextValve.invoke(StandardContextValve.java:90)
		at org.apache.catalina.authenticator.AuthenticatorBase.invoke(AuthenticatorBase.java:481)
		at org.apache.catalina.core.StandardHostValve.invoke(StandardHostValve.java:130)
		at org.apache.catalina.valves.ErrorReportValve.invoke(ErrorReportValve.java:93)
		at org.apache.catalina.valves.AbstractAccessLogValve.invoke(AbstractAccessLogValve.java:670)
		at org.apache.catalina.core.StandardEngineValve.invoke(StandardEngineValve.java:74)
		at org.apache.catalina.connector.CoyoteAdapter.service(CoyoteAdapter.java:343)
		at org.apache.coyote.http11.Http11Processor.service(Http11Processor.java:390)
		at org.apache.coyote.AbstractProcessorLight.process(AbstractProcessorLight.java:63)
		at org.apache.coyote.AbstractProtocol$ConnectionHandler.process(AbstractProtocol.java:926)
		at org.apache.tomcat.util.net.NioEndpoint$SocketProcessor.doRun(NioEndpoint.java:1790)
		at org.apache.tomcat.util.net.SocketProcessorBase.run(SocketProcessorBase.java:52)
		at org.apache.tomcat.util.threads.ThreadPoolExecutor.runWorker(ThreadPoolExecutor.java:1191)
		at org.apache.tomcat.util.threads.ThreadPoolExecutor$Worker.run(ThreadPoolExecutor.java:659)
		at org.apache.tomcat.util.threads.TaskThread$WrappingRunnable.run(TaskThread.java:61)
		at java.base/java.lang.Thread.run(Thread.java:829)
19-Nov-2025 22:59:24.717 SEVERE [http-nio-8080-exec-16] org.apache.catalina.core.ApplicationDispatcher.invoke Servlet.service() for servlet [jsp] threw exception
	org.apache.jasper.JasperException: /login.jsp (line: [135], column: [1]) Page directive must not have multiple occurrences of pageencoding
		at org.apache.jasper.compiler.DefaultErrorHandler.jspError(DefaultErrorHandler.java:41)
		at org.apache.jasper.compiler.ErrorDispatcher.dispatch(ErrorDispatcher.java:292)
		at org.apache.jasper.compiler.ErrorDispatcher.jspError(ErrorDispatcher.java:115)
		at org.apache.jasper.compiler.Validator$DirectiveVisitor.visit(Validator.java:200)
		at org.apache.jasper.compiler.Node$PageDirective.accept(Node.java:576)
		at org.apache.jasper.compiler.Node$Nodes.visit(Node.java:2375)
		at org.apache.jasper.compiler.Node$Visitor.visitBody(Node.java:2431)
		at org.apache.jasper.compiler.Node$Visitor.visit(Node.java:2437)
		at org.apache.jasper.compiler.Node$Root.accept(Node.java:467)
		at org.apache.jasper.compiler.Node$Nodes.visit(Node.java:2375)
		at org.apache.jasper.compiler.Validator.validateDirectives(Validator.java:1829)
		at org.apache.jasper.compiler.Compiler.generateJava(Compiler.java:204)
		at org.apache.jasper.compiler.Compiler.compile(Compiler.java:392)
		at org.apache.jasper.compiler.Compiler.compile(Compiler.java:368)
		at org.apache.jasper.compiler.Compiler.compile(Compiler.java:352)
		at org.apache.jasper.JspCompilationContext.compile(JspCompilationContext.java:603)
		at org.apache.jasper.servlet.JspServletWrapper.service(JspServletWrapper.java:399)
		at org.apache.jasper.servlet.JspServlet.serviceJspFile(JspServlet.java:379)
		at org.apache.jasper.servlet.JspServlet.service(JspServlet.java:327)
		at javax.servlet.http.HttpServlet.service(HttpServlet.java:623)
		at org.apache.catalina.core.ApplicationFilterChain.internalDoFilter(ApplicationFilterChain.java:209)
		at org.apache.catalina.core.ApplicationFilterChain.doFilter(ApplicationFilterChain.java:153)
		at org.apache.tomcat.websocket.server.WsFilter.doFilter(WsFilter.java:51)
		at org.apache.catalina.core.ApplicationFilterChain.internalDoFilter(ApplicationFilterChain.java:178)
		at org.apache.catalina.core.ApplicationFilterChain.doFilter(ApplicationFilterChain.java:153)
		at org.apache.catalina.core.ApplicationDispatcher.invoke(ApplicationDispatcher.java:661)
		at org.apache.catalina.core.ApplicationDispatcher.processRequest(ApplicationDispatcher.java:425)
		at org.apache.catalina.core.ApplicationDispatcher.doForward(ApplicationDispatcher.java:357)
		at org.apache.catalina.core.ApplicationDispatcher.forward(ApplicationDispatcher.java:294)
		at com.bookstore.servlets.LoginServlet.doPost(LoginServlet.java:42)
		at javax.servlet.http.HttpServlet.service(HttpServlet.java:555)
		at javax.servlet.http.HttpServlet.service(HttpServlet.java:623)
		at org.apache.catalina.core.ApplicationFilterChain.internalDoFilter(ApplicationFilterChain.java:209)
		at org.apache.catalina.core.ApplicationFilterChain.doFilter(ApplicationFilterChain.java:153)
		at org.apache.tomcat.websocket.server.WsFilter.doFilter(WsFilter.java:51)
		at org.apache.catalina.core.ApplicationFilterChain.internalDoFilter(ApplicationFilterChain.java:178)
		at org.apache.catalina.core.ApplicationFilterChain.doFilter(ApplicationFilterChain.java:153)
		at org.apache.catalina.core.StandardWrapperValve.invoke(StandardWrapperValve.java:168)
		at org.apache.catalina.core.StandardContextValve.invoke(StandardContextValve.java:90)
		at org.apache.catalina.authenticator.AuthenticatorBase.invoke(AuthenticatorBase.java:481)
		at org.apache.catalina.core.StandardHostValve.invoke(StandardHostValve.java:130)
		at org.apache.catalina.valves.ErrorReportValve.invoke(ErrorReportValve.java:93)
		at org.apache.catalina.valves.AbstractAccessLogValve.invoke(AbstractAccessLogValve.java:670)
		at org.apache.catalina.core.StandardEngineValve.invoke(StandardEngineValve.java:74)
		at org.apache.catalina.connector.CoyoteAdapter.service(CoyoteAdapter.java:343)
		at org.apache.coyote.http11.Http11Processor.service(Http11Processor.java:390)
		at org.apache.coyote.AbstractProcessorLight.process(AbstractProcessorLight.java:63)
		at org.apache.coyote.AbstractProtocol$ConnectionHandler.process(AbstractProtocol.java:926)
		at org.apache.tomcat.util.net.NioEndpoint$SocketProcessor.doRun(NioEndpoint.java:1790)
		at org.apache.tomcat.util.net.SocketProcessorBase.run(SocketProcessorBase.java:52)
		at org.apache.tomcat.util.threads.ThreadPoolExecutor.runWorker(ThreadPoolExecutor.java:1191)
		at org.apache.tomcat.util.threads.ThreadPoolExecutor$Worker.run(ThreadPoolExecutor.java:659)
		at org.apache.tomcat.util.threads.TaskThread$WrappingRunnable.run(TaskThread.java:61)
		at java.base/java.lang.Thread.run(Thread.java:829)
19-Nov-2025 22:59:24.717 SEVERE [http-nio-8080-exec-16] org.apache.catalina.core.StandardWrapperValve.invoke Servlet.service() for servlet [LoginServlet] in context with path [/MolaBookStore] threw exception [/login.jsp (line: [135], column: [1]) Page directive must not have multiple occurrences of pageencoding] with root cause
	org.apache.jasper.JasperException: /login.jsp (line: [135], column: [1]) Page directive must not have multiple occurrences of pageencoding
		at org.apache.jasper.compiler.DefaultErrorHandler.jspError(DefaultErrorHandler.java:41)
		at org.apache.jasper.compiler.ErrorDispatcher.dispatch(ErrorDispatcher.java:292)
		at org.apache.jasper.compiler.ErrorDispatcher.jspError(ErrorDispatcher.java:115)
		at org.apache.jasper.compiler.Validator$DirectiveVisitor.visit(Validator.java:200)
		at org.apache.jasper.compiler.Node$PageDirective.accept(Node.java:576)
		at org.apache.jasper.compiler.Node$Nodes.visit(Node.java:2375)
		at org.apache.jasper.compiler.Node$Visitor.visitBody(Node.java:2431)
		at org.apache.jasper.compiler.Node$Visitor.visit(Node.java:2437)
		at org.apache.jasper.compiler.Node$Root.accept(Node.java:467)
		at org.apache.jasper.compiler.Node$Nodes.visit(Node.java:2375)
		at org.apache.jasper.compiler.Validator.validateDirectives(Validator.java:1829)
		at org.apache.jasper.compiler.Compiler.generateJava(Compiler.java:204)
		at org.apache.jasper.compiler.Compiler.compile(Compiler.java:392)
		at org.apache.jasper.compiler.Compiler.compile(Compiler.java:368)
		at org.apache.jasper.compiler.Compiler.compile(Compiler.java:352)
		at org.apache.jasper.JspCompilationContext.compile(JspCompilationContext.java:603)
		at org.apache.jasper.servlet.JspServletWrapper.service(JspServletWrapper.java:399)
		at org.apache.jasper.servlet.JspServlet.serviceJspFile(JspServlet.java:379)
		at org.apache.jasper.servlet.JspServlet.service(JspServlet.java:327)
		at javax.servlet.http.HttpServlet.service(HttpServlet.java:623)
		at org.apache.catalina.core.ApplicationFilterChain.internalDoFilter(ApplicationFilterChain.java:209)
		at org.apache.catalina.core.ApplicationFilterChain.doFilter(ApplicationFilterChain.java:153)
		at org.apache.tomcat.websocket.server.WsFilter.doFilter(WsFilter.java:51)
		at org.apache.catalina.core.ApplicationFilterChain.internalDoFilter(ApplicationFilterChain.java:178)
		at org.apache.catalina.core.ApplicationFilterChain.doFilter(ApplicationFilterChain.java:153)
		at org.apache.catalina.core.ApplicationDispatcher.invoke(ApplicationDispatcher.java:661)
		at org.apache.catalina.core.ApplicationDispatcher.processRequest(ApplicationDispatcher.java:425)
		at org.apache.catalina.core.ApplicationDispatcher.doForward(ApplicationDispatcher.java:357)
		at org.apache.catalina.core.ApplicationDispatcher.forward(ApplicationDispatcher.java:294)
		at com.bookstore.servlets.LoginServlet.doPost(LoginServlet.java:42)
		at javax.servlet.http.HttpServlet.service(HttpServlet.java:555)
		at javax.servlet.http.HttpServlet.service(HttpServlet.java:623)
		at org.apache.catalina.core.ApplicationFilterChain.internalDoFilter(ApplicationFilterChain.java:209)
		at org.apache.catalina.core.ApplicationFilterChain.doFilter(ApplicationFilterChain.java:153)
		at org.apache.tomcat.websocket.server.WsFilter.doFilter(WsFilter.java:51)
		at org.apache.catalina.core.ApplicationFilterChain.internalDoFilter(ApplicationFilterChain.java:178)
		at org.apache.catalina.core.ApplicationFilterChain.doFilter(ApplicationFilterChain.java:153)
		at org.apache.catalina.core.StandardWrapperValve.invoke(StandardWrapperValve.java:168)
		at org.apache.catalina.core.StandardContextValve.invoke(StandardContextValve.java:90)
		at org.apache.catalina.authenticator.AuthenticatorBase.invoke(AuthenticatorBase.java:481)
		at org.apache.catalina.core.StandardHostValve.invoke(StandardHostValve.java:130)
		at org.apache.catalina.valves.ErrorReportValve.invoke(ErrorReportValve.java:93)
		at org.apache.catalina.valves.AbstractAccessLogValve.invoke(AbstractAccessLogValve.java:670)
		at org.apache.catalina.core.StandardEngineValve.invoke(StandardEngineValve.java:74)
		at org.apache.catalina.connector.CoyoteAdapter.service(CoyoteAdapter.java:343)
		at org.apache.coyote.http11.Http11Processor.service(Http11Processor.java:390)
		at org.apache.coyote.AbstractProcessorLight.process(AbstractProcessorLight.java:63)
		at org.apache.coyote.AbstractProtocol$ConnectionHandler.process(AbstractProtocol.java:926)
		at org.apache.tomcat.util.net.NioEndpoint$SocketProcessor.doRun(NioEndpoint.java:1790)
		at org.apache.tomcat.util.net.SocketProcessorBase.run(SocketProcessorBase.java:52)
		at org.apache.tomcat.util.threads.ThreadPoolExecutor.runWorker(ThreadPoolExecutor.java:1191)
		at org.apache.tomcat.util.threads.ThreadPoolExecutor$Worker.run(ThreadPoolExecutor.java:659)
		at org.apache.tomcat.util.threads.TaskThread$WrappingRunnable.run(TaskThread.java:61)
		at java.base/java.lang.Thread.run(Thread.java:829)
19-Nov-2025 22:59:34.871 SEVERE [http-nio-8080-exec-12] org.apache.catalina.core.StandardWrapperValve.invoke Servlet.service() for servlet [SignupServlet] in context with path [/MolaBookStore] threw exception [Servlet execution threw an exception] with root cause
	java.lang.NoClassDefFoundError: org/mindrot/jbcrypt/BCrypt
		at com.bookstore.servlets.SignupServlet.doPost(SignupServlet.java:33)
		at javax.servlet.http.HttpServlet.service(HttpServlet.java:555)
		at javax.servlet.http.HttpServlet.service(HttpServlet.java:623)
		at org.apache.catalina.core.ApplicationFilterChain.internalDoFilter(ApplicationFilterChain.java:209)
		at org.apache.catalina.core.ApplicationFilterChain.doFilter(ApplicationFilterChain.java:153)
		at org.apache.tomcat.websocket.server.WsFilter.doFilter(WsFilter.java:51)
		at org.apache.catalina.core.ApplicationFilterChain.internalDoFilter(ApplicationFilterChain.java:178)
		at org.apache.catalina.core.ApplicationFilterChain.doFilter(ApplicationFilterChain.java:153)
		at org.apache.catalina.core.StandardWrapperValve.invoke(StandardWrapperValve.java:168)
		at org.apache.catalina.core.StandardContextValve.invoke(StandardContextValve.java:90)
		at org.apache.catalina.authenticator.AuthenticatorBase.invoke(AuthenticatorBase.java:481)
		at org.apache.catalina.core.StandardHostValve.invoke(StandardHostValve.java:130)
		at org.apache.catalina.valves.ErrorReportValve.invoke(ErrorReportValve.java:93)
		at org.apache.catalina.valves.AbstractAccessLogValve.invoke(AbstractAccessLogValve.java:670)
		at org.apache.catalina.core.StandardEngineValve.invoke(StandardEngineValve.java:74)
		at org.apache.catalina.connector.CoyoteAdapter.service(CoyoteAdapter.java:343)
		at org.apache.coyote.http11.Http11Processor.service(Http11Processor.java:390)
		at org.apache.coyote.AbstractProcessorLight.process(AbstractProcessorLight.java:63)
		at org.apache.coyote.AbstractProtocol$ConnectionHandler.process(AbstractProtocol.java:926)
		at org.apache.tomcat.util.net.NioEndpoint$SocketProcessor.doRun(NioEndpoint.java:1790)
		at org.apache.tomcat.util.net.SocketProcessorBase.run(SocketProcessorBase.java:52)
		at org.apache.tomcat.util.threads.ThreadPoolExecutor.runWorker(ThreadPoolExecutor.java:1191)
		at org.apache.tomcat.util.threads.ThreadPoolExecutor$Worker.run(ThreadPoolExecutor.java:659)
		at org.apache.tomcat.util.threads.TaskThread$WrappingRunnable.run(TaskThread.java:61)
		at java.base/java.lang.Thread.run(Thread.java:829)
19-Nov-2025 22:59:35.003 SEVERE [http-nio-8080-exec-15] org.apache.catalina.core.ApplicationDispatcher.invoke Servlet.service() for servlet [jsp] threw exception
	org.apache.jasper.JasperException: /login.jsp (line: [135], column: [1]) Page directive must not have multiple occurrences of pageencoding
		at org.apache.jasper.compiler.DefaultErrorHandler.jspError(DefaultErrorHandler.java:41)
		at org.apache.jasper.compiler.ErrorDispatcher.dispatch(ErrorDispatcher.java:292)
		at org.apache.jasper.compiler.ErrorDispatcher.jspError(ErrorDispatcher.java:115)
		at org.apache.jasper.compiler.Validator$DirectiveVisitor.visit(Validator.java:200)
		at org.apache.jasper.compiler.Node$PageDirective.accept(Node.java:576)
		at org.apache.jasper.compiler.Node$Nodes.visit(Node.java:2375)
		at org.apache.jasper.compiler.Node$Visitor.visitBody(Node.java:2431)
		at org.apache.jasper.compiler.Node$Visitor.visit(Node.java:2437)
		at org.apache.jasper.compiler.Node$Root.accept(Node.java:467)
		at org.apache.jasper.compiler.Node$Nodes.visit(Node.java:2375)
		at org.apache.jasper.compiler.Validator.validateDirectives(Validator.java:1829)
		at org.apache.jasper.compiler.Compiler.generateJava(Compiler.java:204)
		at org.apache.jasper.compiler.Compiler.compile(Compiler.java:392)
		at org.apache.jasper.compiler.Compiler.compile(Compiler.java:368)
		at org.apache.jasper.compiler.Compiler.compile(Compiler.java:352)
		at org.apache.jasper.JspCompilationContext.compile(JspCompilationContext.java:603)
		at org.apache.jasper.servlet.JspServletWrapper.service(JspServletWrapper.java:399)
		at org.apache.jasper.servlet.JspServlet.serviceJspFile(JspServlet.java:379)
		at org.apache.jasper.servlet.JspServlet.service(JspServlet.java:327)
		at javax.servlet.http.HttpServlet.service(HttpServlet.java:623)
		at org.apache.catalina.core.ApplicationFilterChain.internalDoFilter(ApplicationFilterChain.java:209)
		at org.apache.catalina.core.ApplicationFilterChain.doFilter(ApplicationFilterChain.java:153)
		at org.apache.tomcat.websocket.server.WsFilter.doFilter(WsFilter.java:51)
		at org.apache.catalina.core.ApplicationFilterChain.internalDoFilter(ApplicationFilterChain.java:178)
		at org.apache.catalina.core.ApplicationFilterChain.doFilter(ApplicationFilterChain.java:153)
		at org.apache.catalina.core.ApplicationDispatcher.invoke(ApplicationDispatcher.java:661)
		at org.apache.catalina.core.ApplicationDispatcher.processRequest(ApplicationDispatcher.java:425)
		at org.apache.catalina.core.ApplicationDispatcher.doForward(ApplicationDispatcher.java:357)
		at org.apache.catalina.core.ApplicationDispatcher.forward(ApplicationDispatcher.java:294)
		at com.bookstore.servlets.LoginServlet.doPost(LoginServlet.java:42)
		at javax.servlet.http.HttpServlet.service(HttpServlet.java:555)
		at javax.servlet.http.HttpServlet.service(HttpServlet.java:623)
		at org.apache.catalina.core.ApplicationFilterChain.internalDoFilter(ApplicationFilterChain.java:209)
		at org.apache.catalina.core.ApplicationFilterChain.doFilter(ApplicationFilterChain.java:153)
		at org.apache.tomcat.websocket.server.WsFilter.doFilter(WsFilter.java:51)
		at org.apache.catalina.core.ApplicationFilterChain.internalDoFilter(ApplicationFilterChain.java:178)
		at org.apache.catalina.core.ApplicationFilterChain.doFilter(ApplicationFilterChain.java:153)
		at org.apache.catalina.core.StandardWrapperValve.invoke(StandardWrapperValve.java:168)
		at org.apache.catalina.core.StandardContextValve.invoke(StandardContextValve.java:90)
		at org.apache.catalina.authenticator.AuthenticatorBase.invoke(AuthenticatorBase.java:481)
		at org.apache.catalina.core.StandardHostValve.invoke(StandardHostValve.java:130)
		at org.apache.catalina.valves.ErrorReportValve.invoke(ErrorReportValve.java:93)
		at org.apache.catalina.valves.AbstractAccessLogValve.invoke(AbstractAccessLogValve.java:670)
		at org.apache.catalina.core.StandardEngineValve.invoke(StandardEngineValve.java:74)
		at org.apache.catalina.connector.CoyoteAdapter.service(CoyoteAdapter.java:343)
		at org.apache.coyote.http11.Http11Processor.service(Http11Processor.java:390)
		at org.apache.coyote.AbstractProcessorLight.process(AbstractProcessorLight.java:63)
		at org.apache.coyote.AbstractProtocol$ConnectionHandler.process(AbstractProtocol.java:926)
		at org.apache.tomcat.util.net.NioEndpoint$SocketProcessor.doRun(NioEndpoint.java:1790)
		at org.apache.tomcat.util.net.SocketProcessorBase.run(SocketProcessorBase.java:52)
		at org.apache.tomcat.util.threads.ThreadPoolExecutor.runWorker(ThreadPoolExecutor.java:1191)
		at org.apache.tomcat.util.threads.ThreadPoolExecutor$Worker.run(ThreadPoolExecutor.java:659)
		at org.apache.tomcat.util.threads.TaskThread$WrappingRunnable.run(TaskThread.java:61)
		at java.base/java.lang.Thread.run(Thread.java:829)
19-Nov-2025 22:59:35.005 SEVERE [http-nio-8080-exec-15] org.apache.catalina.core.StandardWrapperValve.invoke Servlet.service() for servlet [LoginServlet] in context with path [/MolaBookStore] threw exception [/login.jsp (line: [135], column: [1]) Page directive must not have multiple occurrences of pageencoding] with root cause
	org.apache.jasper.JasperException: /login.jsp (line: [135], column: [1]) Page directive must not have multiple occurrences of pageencoding
		at org.apache.jasper.compiler.DefaultErrorHandler.jspError(DefaultErrorHandler.java:41)
		at org.apache.jasper.compiler.ErrorDispatcher.dispatch(ErrorDispatcher.java:292)
		at org.apache.jasper.compiler.ErrorDispatcher.jspError(ErrorDispatcher.java:115)
		at org.apache.jasper.compiler.Validator$DirectiveVisitor.visit(Validator.java:200)
		at org.apache.jasper.compiler.Node$PageDirective.accept(Node.java:576)
		at org.apache.jasper.compiler.Node$Nodes.visit(Node.java:2375)
		at org.apache.jasper.compiler.Node$Visitor.visitBody(Node.java:2431)
		at org.apache.jasper.compiler.Node$Visitor.visit(Node.java:2437)
		at org.apache.jasper.compiler.Node$Root.accept(Node.java:467)
		at org.apache.jasper.compiler.Node$Nodes.visit(Node.java:2375)
		at org.apache.jasper.compiler.Validator.validateDirectives(Validator.java:1829)
		at org.apache.jasper.compiler.Compiler.generateJava(Compiler.java:204)
		at org.apache.jasper.compiler.Compiler.compile(Compiler.java:392)
		at org.apache.jasper.compiler.Compiler.compile(Compiler.java:368)
		at org.apache.jasper.compiler.Compiler.compile(Compiler.java:352)
		at org.apache.jasper.JspCompilationContext.compile(JspCompilationContext.java:603)
		at org.apache.jasper.servlet.JspServletWrapper.service(JspServletWrapper.java:399)
		at org.apache.jasper.servlet.JspServlet.serviceJspFile(JspServlet.java:379)
		at org.apache.jasper.servlet.JspServlet.service(JspServlet.java:327)
		at javax.servlet.http.HttpServlet.service(HttpServlet.java:623)
		at org.apache.catalina.core.ApplicationFilterChain.internalDoFilter(ApplicationFilterChain.java:209)
		at org.apache.catalina.core.ApplicationFilterChain.doFilter(ApplicationFilterChain.java:153)
		at org.apache.tomcat.websocket.server.WsFilter.doFilter(WsFilter.java:51)
		at org.apache.catalina.core.ApplicationFilterChain.internalDoFilter(ApplicationFilterChain.java:178)
		at org.apache.catalina.core.ApplicationFilterChain.doFilter(ApplicationFilterChain.java:153)
		at org.apache.catalina.core.ApplicationDispatcher.invoke(ApplicationDispatcher.java:661)
		at org.apache.catalina.core.ApplicationDispatcher.processRequest(ApplicationDispatcher.java:425)
		at org.apache.catalina.core.ApplicationDispatcher.doForward(ApplicationDispatcher.java:357)
		at org.apache.catalina.core.ApplicationDispatcher.forward(ApplicationDispatcher.java:294)
		at com.bookstore.servlets.LoginServlet.doPost(LoginServlet.java:42)
		at javax.servlet.http.HttpServlet.service(HttpServlet.java:555)
		at javax.servlet.http.HttpServlet.service(HttpServlet.java:623)
		at org.apache.catalina.core.ApplicationFilterChain.internalDoFilter(ApplicationFilterChain.java:209)
		at org.apache.catalina.core.ApplicationFilterChain.doFilter(ApplicationFilterChain.java:153)
		at org.apache.tomcat.websocket.server.WsFilter.doFilter(WsFilter.java:51)
		at org.apache.catalina.core.ApplicationFilterChain.internalDoFilter(ApplicationFilterChain.java:178)
		at org.apache.catalina.core.ApplicationFilterChain.doFilter(ApplicationFilterChain.java:153)
		at org.apache.catalina.core.StandardWrapperValve.invoke(StandardWrapperValve.java:168)
		at org.apache.catalina.core.StandardContextValve.invoke(StandardContextValve.java:90)
		at org.apache.catalina.authenticator.AuthenticatorBase.invoke(AuthenticatorBase.java:481)
		at org.apache.catalina.core.StandardHostValve.invoke(StandardHostValve.java:130)
		at org.apache.catalina.valves.ErrorReportValve.invoke(ErrorReportValve.java:93)
		at org.apache.catalina.valves.AbstractAccessLogValve.invoke(AbstractAccessLogValve.java:670)
		at org.apache.catalina.core.StandardEngineValve.invoke(StandardEngineValve.java:74)
		at org.apache.catalina.connector.CoyoteAdapter.service(CoyoteAdapter.java:343)
		at org.apache.coyote.http11.Http11Processor.service(Http11Processor.java:390)
		at org.apache.coyote.AbstractProcessorLight.process(AbstractProcessorLight.java:63)
		at org.apache.coyote.AbstractProtocol$ConnectionHandler.process(AbstractProtocol.java:926)
		at org.apache.tomcat.util.net.NioEndpoint$SocketProcessor.doRun(NioEndpoint.java:1790)
		at org.apache.tomcat.util.net.SocketProcessorBase.run(SocketProcessorBase.java:52)
		at org.apache.tomcat.util.threads.ThreadPoolExecutor.runWorker(ThreadPoolExecutor.java:1191)
		at org.apache.tomcat.util.threads.ThreadPoolExecutor$Worker.run(ThreadPoolExecutor.java:659)
		at org.apache.tomcat.util.threads.TaskThread$WrappingRunnable.run(TaskThread.java:61)
		at java.base/java.lang.Thread.run(Thread.java:829)
19-Nov-2025 22:59:58.480 SEVERE [http-nio-8080-exec-14] org.apache.catalina.core.StandardWrapperValve.invoke Servlet.service() for servlet [SignupServlet] in context with path [/MolaBookStore] threw exception [Servlet execution threw an exception] with root cause
	java.lang.NoClassDefFoundError: org/mindrot/jbcrypt/BCrypt
		at com.bookstore.servlets.SignupServlet.doPost(SignupServlet.java:33)
		at javax.servlet.http.HttpServlet.service(HttpServlet.java:555)
		at javax.servlet.http.HttpServlet.service(HttpServlet.java:623)
		at org.apache.catalina.core.ApplicationFilterChain.internalDoFilter(ApplicationFilterChain.java:209)
		at org.apache.catalina.core.ApplicationFilterChain.doFilter(ApplicationFilterChain.java:153)
		at org.apache.tomcat.websocket.server.WsFilter.doFilter(WsFilter.java:51)
		at org.apache.catalina.core.ApplicationFilterChain.internalDoFilter(ApplicationFilterChain.java:178)
		at org.apache.catalina.core.ApplicationFilterChain.doFilter(ApplicationFilterChain.java:153)
		at org.apache.catalina.core.StandardWrapperValve.invoke(StandardWrapperValve.java:168)
		at org.apache.catalina.core.StandardContextValve.invoke(StandardContextValve.java:90)
		at org.apache.catalina.authenticator.AuthenticatorBase.invoke(AuthenticatorBase.java:481)
		at org.apache.catalina.core.StandardHostValve.invoke(StandardHostValve.java:130)
		at org.apache.catalina.valves.ErrorReportValve.invoke(ErrorReportValve.java:93)
		at org.apache.catalina.valves.AbstractAccessLogValve.invoke(AbstractAccessLogValve.java:670)
		at org.apache.catalina.core.StandardEngineValve.invoke(StandardEngineValve.java:74)
		at org.apache.catalina.connector.CoyoteAdapter.service(CoyoteAdapter.java:343)
		at org.apache.coyote.http11.Http11Processor.service(Http11Processor.java:390)
		at org.apache.coyote.AbstractProcessorLight.process(AbstractProcessorLight.java:63)
		at org.apache.coyote.AbstractProtocol$ConnectionHandler.process(AbstractProtocol.java:926)
		at org.apache.tomcat.util.net.NioEndpoint$SocketProcessor.doRun(NioEndpoint.java:1790)
		at org.apache.tomcat.util.net.SocketProcessorBase.run(SocketProcessorBase.java:52)
		at org.apache.tomcat.util.threads.ThreadPoolExecutor.runWorker(ThreadPoolExecutor.java:1191)
		at org.apache.tomcat.util.threads.ThreadPoolExecutor$Worker.run(ThreadPoolExecutor.java:659)
		at org.apache.tomcat.util.threads.TaskThread$WrappingRunnable.run(TaskThread.java:61)
		at java.base/java.lang.Thread.run(Thread.java:829)
19-Nov-2025 22:59:58.588 SEVERE [http-nio-8080-exec-11] org.apache.catalina.core.ApplicationDispatcher.invoke Servlet.service() for servlet [jsp] threw exception
	org.apache.jasper.JasperException: /login.jsp (line: [135], column: [1]) Page directive must not have multiple occurrences of pageencoding
		at org.apache.jasper.compiler.DefaultErrorHandler.jspError(DefaultErrorHandler.java:41)
		at org.apache.jasper.compiler.ErrorDispatcher.dispatch(ErrorDispatcher.java:292)
		at org.apache.jasper.compiler.ErrorDispatcher.jspError(ErrorDispatcher.java:115)
		at org.apache.jasper.compiler.Validator$DirectiveVisitor.visit(Validator.java:200)
		at org.apache.jasper.compiler.Node$PageDirective.accept(Node.java:576)
		at org.apache.jasper.compiler.Node$Nodes.visit(Node.java:2375)
		at org.apache.jasper.compiler.Node$Visitor.visitBody(Node.java:2431)
		at org.apache.jasper.compiler.Node$Visitor.visit(Node.java:2437)
		at org.apache.jasper.compiler.Node$Root.accept(Node.java:467)
		at org.apache.jasper.compiler.Node$Nodes.visit(Node.java:2375)
		at org.apache.jasper.compiler.Validator.validateDirectives(Validator.java:1829)
		at org.apache.jasper.compiler.Compiler.generateJava(Compiler.java:204)
		at org.apache.jasper.compiler.Compiler.compile(Compiler.java:392)
		at org.apache.jasper.compiler.Compiler.compile(Compiler.java:368)
		at org.apache.jasper.compiler.Compiler.compile(Compiler.java:352)
		at org.apache.jasper.JspCompilationContext.compile(JspCompilationContext.java:603)
		at org.apache.jasper.servlet.JspServletWrapper.service(JspServletWrapper.java:399)
		at org.apache.jasper.servlet.JspServlet.serviceJspFile(JspServlet.java:379)
		at org.apache.jasper.servlet.JspServlet.service(JspServlet.java:327)
		at javax.servlet.http.HttpServlet.service(HttpServlet.java:623)
		at org.apache.catalina.core.ApplicationFilterChain.internalDoFilter(ApplicationFilterChain.java:209)
		at org.apache.catalina.core.ApplicationFilterChain.doFilter(ApplicationFilterChain.java:153)
		at org.apache.tomcat.websocket.server.WsFilter.doFilter(WsFilter.java:51)
		at org.apache.catalina.core.ApplicationFilterChain.internalDoFilter(ApplicationFilterChain.java:178)
		at org.apache.catalina.core.ApplicationFilterChain.doFilter(ApplicationFilterChain.java:153)
		at org.apache.catalina.core.ApplicationDispatcher.invoke(ApplicationDispatcher.java:661)
		at org.apache.catalina.core.ApplicationDispatcher.processRequest(ApplicationDispatcher.java:425)
		at org.apache.catalina.core.ApplicationDispatcher.doForward(ApplicationDispatcher.java:357)
		at org.apache.catalina.core.ApplicationDispatcher.forward(ApplicationDispatcher.java:294)
		at com.bookstore.servlets.LoginServlet.doPost(LoginServlet.java:42)
		at javax.servlet.http.HttpServlet.service(HttpServlet.java:555)
		at javax.servlet.http.HttpServlet.service(HttpServlet.java:623)
		at org.apache.catalina.core.ApplicationFilterChain.internalDoFilter(ApplicationFilterChain.java:209)
		at org.apache.catalina.core.ApplicationFilterChain.doFilter(ApplicationFilterChain.java:153)
		at org.apache.tomcat.websocket.server.WsFilter.doFilter(WsFilter.java:51)
		at org.apache.catalina.core.ApplicationFilterChain.internalDoFilter(ApplicationFilterChain.java:178)
		at org.apache.catalina.core.ApplicationFilterChain.doFilter(ApplicationFilterChain.java:153)
		at org.apache.catalina.core.StandardWrapperValve.invoke(StandardWrapperValve.java:168)
		at org.apache.catalina.core.StandardContextValve.invoke(StandardContextValve.java:90)
		at org.apache.catalina.authenticator.AuthenticatorBase.invoke(AuthenticatorBase.java:481)
		at org.apache.catalina.core.StandardHostValve.invoke(StandardHostValve.java:130)
		at org.apache.catalina.valves.ErrorReportValve.invoke(ErrorReportValve.java:93)
		at org.apache.catalina.valves.AbstractAccessLogValve.invoke(AbstractAccessLogValve.java:670)
		at org.apache.catalina.core.StandardEngineValve.invoke(StandardEngineValve.java:74)
		at org.apache.catalina.connector.CoyoteAdapter.service(CoyoteAdapter.java:343)
		at org.apache.coyote.http11.Http11Processor.service(Http11Processor.java:390)
		at org.apache.coyote.AbstractProcessorLight.process(AbstractProcessorLight.java:63)
		at org.apache.coyote.AbstractProtocol$ConnectionHandler.process(AbstractProtocol.java:926)
		at org.apache.tomcat.util.net.NioEndpoint$SocketProcessor.doRun(NioEndpoint.java:1790)
		at org.apache.tomcat.util.net.SocketProcessorBase.run(SocketProcessorBase.java:52)
		at org.apache.tomcat.util.threads.ThreadPoolExecutor.runWorker(ThreadPoolExecutor.java:1191)
		at org.apache.tomcat.util.threads.ThreadPoolExecutor$Worker.run(ThreadPoolExecutor.java:659)
		at org.apache.tomcat.util.threads.TaskThread$WrappingRunnable.run(TaskThread.java:61)
		at java.base/java.lang.Thread.run(Thread.java:829)
19-Nov-2025 22:59:58.588 SEVERE [http-nio-8080-exec-11] org.apache.catalina.core.StandardWrapperValve.invoke Servlet.service() for servlet [LoginServlet] in context with path [/MolaBookStore] threw exception [/login.jsp (line: [135], column: [1]) Page directive must not have multiple occurrences of pageencoding] with root cause
	org.apache.jasper.JasperException: /login.jsp (line: [135], column: [1]) Page directive must not have multiple occurrences of pageencoding
		at org.apache.jasper.compiler.DefaultErrorHandler.jspError(DefaultErrorHandler.java:41)
		at org.apache.jasper.compiler.ErrorDispatcher.dispatch(ErrorDispatcher.java:292)
		at org.apache.jasper.compiler.ErrorDispatcher.jspError(ErrorDispatcher.java:115)
		at org.apache.jasper.compiler.Validator$DirectiveVisitor.visit(Validator.java:200)
		at org.apache.jasper.compiler.Node$PageDirective.accept(Node.java:576)
		at org.apache.jasper.compiler.Node$Nodes.visit(Node.java:2375)
		at org.apache.jasper.compiler.Node$Visitor.visitBody(Node.java:2431)
		at org.apache.jasper.compiler.Node$Visitor.visit(Node.java:2437)
		at org.apache.jasper.compiler.Node$Root.accept(Node.java:467)
		at org.apache.jasper.compiler.Node$Nodes.visit(Node.java:2375)
		at org.apache.jasper.compiler.Validator.validateDirectives(Validator.java:1829)
		at org.apache.jasper.compiler.Compiler.generateJava(Compiler.java:204)
		at org.apache.jasper.compiler.Compiler.compile(Compiler.java:392)
		at org.apache.jasper.compiler.Compiler.compile(Compiler.java:368)
		at org.apache.jasper.compiler.Compiler.compile(Compiler.java:352)
		at org.apache.jasper.JspCompilationContext.compile(JspCompilationContext.java:603)
		at org.apache.jasper.servlet.JspServletWrapper.service(JspServletWrapper.java:399)
		at org.apache.jasper.servlet.JspServlet.serviceJspFile(JspServlet.java:379)
		at org.apache.jasper.servlet.JspServlet.service(JspServlet.java:327)
		at javax.servlet.http.HttpServlet.service(HttpServlet.java:623)
		at org.apache.catalina.core.ApplicationFilterChain.internalDoFilter(ApplicationFilterChain.java:209)
		at org.apache.catalina.core.ApplicationFilterChain.doFilter(ApplicationFilterChain.java:153)
		at org.apache.tomcat.websocket.server.WsFilter.doFilter(WsFilter.java:51)
		at org.apache.catalina.core.ApplicationFilterChain.internalDoFilter(ApplicationFilterChain.java:178)
		at org.apache.catalina.core.ApplicationFilterChain.doFilter(ApplicationFilterChain.java:153)
		at org.apache.catalina.core.ApplicationDispatcher.invoke(ApplicationDispatcher.java:661)
		at org.apache.catalina.core.ApplicationDispatcher.processRequest(ApplicationDispatcher.java:425)
		at org.apache.catalina.core.ApplicationDispatcher.doForward(ApplicationDispatcher.java:357)
		at org.apache.catalina.core.ApplicationDispatcher.forward(ApplicationDispatcher.java:294)
		at com.bookstore.servlets.LoginServlet.doPost(LoginServlet.java:42)
		at javax.servlet.http.HttpServlet.service(HttpServlet.java:555)
		at javax.servlet.http.HttpServlet.service(HttpServlet.java:623)
		at org.apache.catalina.core.ApplicationFilterChain.internalDoFilter(ApplicationFilterChain.java:209)
		at org.apache.catalina.core.ApplicationFilterChain.doFilter(ApplicationFilterChain.java:153)
		at org.apache.tomcat.websocket.server.WsFilter.doFilter(WsFilter.java:51)
		at org.apache.catalina.core.ApplicationFilterChain.internalDoFilter(ApplicationFilterChain.java:178)
		at org.apache.catalina.core.ApplicationFilterChain.doFilter(ApplicationFilterChain.java:153)
		at org.apache.catalina.core.StandardWrapperValve.invoke(StandardWrapperValve.java:168)
		at org.apache.catalina.core.StandardContextValve.invoke(StandardContextValve.java:90)
		at org.apache.catalina.authenticator.AuthenticatorBase.invoke(AuthenticatorBase.java:481)
		at org.apache.catalina.core.StandardHostValve.invoke(StandardHostValve.java:130)
		at org.apache.catalina.valves.ErrorReportValve.invoke(ErrorReportValve.java:93)
		at org.apache.catalina.valves.AbstractAccessLogValve.invoke(AbstractAccessLogValve.java:670)
		at org.apache.catalina.core.StandardEngineValve.invoke(StandardEngineValve.java:74)
		at org.apache.catalina.connector.CoyoteAdapter.service(CoyoteAdapter.java:343)
		at org.apache.coyote.http11.Http11Processor.service(Http11Processor.java:390)
		at org.apache.coyote.AbstractProcessorLight.process(AbstractProcessorLight.java:63)
		at org.apache.coyote.AbstractProtocol$ConnectionHandler.process(AbstractProtocol.java:926)
		at org.apache.tomcat.util.net.NioEndpoint$SocketProcessor.doRun(NioEndpoint.java:1790)
		at org.apache.tomcat.util.net.SocketProcessorBase.run(SocketProcessorBase.java:52)
		at org.apache.tomcat.util.threads.ThreadPoolExecutor.runWorker(ThreadPoolExecutor.java:1191)
		at org.apache.tomcat.util.threads.ThreadPoolExecutor$Worker.run(ThreadPoolExecutor.java:659)
		at org.apache.tomcat.util.threads.TaskThread$WrappingRunnable.run(TaskThread.java:61)
		at java.base/java.lang.Thread.run(Thread.java:829)
19-Nov-2025 23:00:16.294 SEVERE [http-nio-8080-exec-20] org.apache.catalina.core.StandardWrapperValve.invoke Servlet.service() for servlet [SignupServlet] in context with path [/MolaBookStore] threw exception [Servlet execution threw an exception] with root cause
	java.lang.NoClassDefFoundError: org/mindrot/jbcrypt/BCrypt
		at com.bookstore.servlets.SignupServlet.doPost(SignupServlet.java:33)
		at javax.servlet.http.HttpServlet.service(HttpServlet.java:555)
		at javax.servlet.http.HttpServlet.service(HttpServlet.java:623)
		at org.apache.catalina.core.ApplicationFilterChain.internalDoFilter(ApplicationFilterChain.java:209)
		at org.apache.catalina.core.ApplicationFilterChain.doFilter(ApplicationFilterChain.java:153)
		at org.apache.tomcat.websocket.server.WsFilter.doFilter(WsFilter.java:51)
		at org.apache.catalina.core.ApplicationFilterChain.internalDoFilter(ApplicationFilterChain.java:178)
		at org.apache.catalina.core.ApplicationFilterChain.doFilter(ApplicationFilterChain.java:153)
		at org.apache.catalina.core.StandardWrapperValve.invoke(StandardWrapperValve.java:168)
		at org.apache.catalina.core.StandardContextValve.invoke(StandardContextValve.java:90)
		at org.apache.catalina.authenticator.AuthenticatorBase.invoke(AuthenticatorBase.java:481)
		at org.apache.catalina.core.StandardHostValve.invoke(StandardHostValve.java:130)
		at org.apache.catalina.valves.ErrorReportValve.invoke(ErrorReportValve.java:93)
		at org.apache.catalina.valves.AbstractAccessLogValve.invoke(AbstractAccessLogValve.java:670)
		at org.apache.catalina.core.StandardEngineValve.invoke(StandardEngineValve.java:74)
		at org.apache.catalina.connector.CoyoteAdapter.service(CoyoteAdapter.java:343)
		at org.apache.coyote.http11.Http11Processor.service(Http11Processor.java:390)
		at org.apache.coyote.AbstractProcessorLight.process(AbstractProcessorLight.java:63)
		at org.apache.coyote.AbstractProtocol$ConnectionHandler.process(AbstractProtocol.java:926)
		at org.apache.tomcat.util.net.NioEndpoint$SocketProcessor.doRun(NioEndpoint.java:1790)
		at org.apache.tomcat.util.net.SocketProcessorBase.run(SocketProcessorBase.java:52)
		at org.apache.tomcat.util.threads.ThreadPoolExecutor.runWorker(ThreadPoolExecutor.java:1191)
		at org.apache.tomcat.util.threads.ThreadPoolExecutor$Worker.run(ThreadPoolExecutor.java:659)
		at org.apache.tomcat.util.threads.TaskThread$WrappingRunnable.run(TaskThread.java:61)
		at java.base/java.lang.Thread.run(Thread.java:829)
19-Nov-2025 23:00:16.399 SEVERE [http-nio-8080-exec-18] org.apache.catalina.core.ApplicationDispatcher.invoke Servlet.service() for servlet [jsp] threw exception
	org.apache.jasper.JasperException: /login.jsp (line: [135], column: [1]) Page directive must not have multiple occurrences of pageencoding
		at org.apache.jasper.compiler.DefaultErrorHandler.jspError(DefaultErrorHandler.java:41)
		at org.apache.jasper.compiler.ErrorDispatcher.dispatch(ErrorDispatcher.java:292)
		at org.apache.jasper.compiler.ErrorDispatcher.jspError(ErrorDispatcher.java:115)
		at org.apache.jasper.compiler.Validator$DirectiveVisitor.visit(Validator.java:200)
		at org.apache.jasper.compiler.Node$PageDirective.accept(Node.java:576)
		at org.apache.jasper.compiler.Node$Nodes.visit(Node.java:2375)
		at org.apache.jasper.compiler.Node$Visitor.visitBody(Node.java:2431)
		at org.apache.jasper.compiler.Node$Visitor.visit(Node.java:2437)
		at org.apache.jasper.compiler.Node$Root.accept(Node.java:467)
		at org.apache.jasper.compiler.Node$Nodes.visit(Node.java:2375)
		at org.apache.jasper.compiler.Validator.validateDirectives(Validator.java:1829)
		at org.apache.jasper.compiler.Compiler.generateJava(Compiler.java:204)
		at org.apache.jasper.compiler.Compiler.compile(Compiler.java:392)
		at org.apache.jasper.compiler.Compiler.compile(Compiler.java:368)
		at org.apache.jasper.compiler.Compiler.compile(Compiler.java:352)
		at org.apache.jasper.JspCompilationContext.compile(JspCompilationContext.java:603)
		at org.apache.jasper.servlet.JspServletWrapper.service(JspServletWrapper.java:399)
		at org.apache.jasper.servlet.JspServlet.serviceJspFile(JspServlet.java:379)
		at org.apache.jasper.servlet.JspServlet.service(JspServlet.java:327)
		at javax.servlet.http.HttpServlet.service(HttpServlet.java:623)
		at org.apache.catalina.core.ApplicationFilterChain.internalDoFilter(ApplicationFilterChain.java:209)
		at org.apache.catalina.core.ApplicationFilterChain.doFilter(ApplicationFilterChain.java:153)
		at org.apache.tomcat.websocket.server.WsFilter.doFilter(WsFilter.java:51)
		at org.apache.catalina.core.ApplicationFilterChain.internalDoFilter(ApplicationFilterChain.java:178)
		at org.apache.catalina.core.ApplicationFilterChain.doFilter(ApplicationFilterChain.java:153)
		at org.apache.catalina.core.ApplicationDispatcher.invoke(ApplicationDispatcher.java:661)
		at org.apache.catalina.core.ApplicationDispatcher.processRequest(ApplicationDispatcher.java:425)
		at org.apache.catalina.core.ApplicationDispatcher.doForward(ApplicationDispatcher.java:357)
		at org.apache.catalina.core.ApplicationDispatcher.forward(ApplicationDispatcher.java:294)
		at com.bookstore.servlets.LoginServlet.doPost(LoginServlet.java:42)
		at javax.servlet.http.HttpServlet.service(HttpServlet.java:555)
		at javax.servlet.http.HttpServlet.service(HttpServlet.java:623)
		at org.apache.catalina.core.ApplicationFilterChain.internalDoFilter(ApplicationFilterChain.java:209)
		at org.apache.catalina.core.ApplicationFilterChain.doFilter(ApplicationFilterChain.java:153)
		at org.apache.tomcat.websocket.server.WsFilter.doFilter(WsFilter.java:51)
		at org.apache.catalina.core.ApplicationFilterChain.internalDoFilter(ApplicationFilterChain.java:178)
		at org.apache.catalina.core.ApplicationFilterChain.doFilter(ApplicationFilterChain.java:153)
		at org.apache.catalina.core.StandardWrapperValve.invoke(StandardWrapperValve.java:168)
		at org.apache.catalina.core.StandardContextValve.invoke(StandardContextValve.java:90)
		at org.apache.catalina.authenticator.AuthenticatorBase.invoke(AuthenticatorBase.java:481)
		at org.apache.catalina.core.StandardHostValve.invoke(StandardHostValve.java:130)
		at org.apache.catalina.valves.ErrorReportValve.invoke(ErrorReportValve.java:93)
		at org.apache.catalina.valves.AbstractAccessLogValve.invoke(AbstractAccessLogValve.java:670)
		at org.apache.catalina.core.StandardEngineValve.invoke(StandardEngineValve.java:74)
		at org.apache.catalina.connector.CoyoteAdapter.service(CoyoteAdapter.java:343)
		at org.apache.coyote.http11.Http11Processor.service(Http11Processor.java:390)
		at org.apache.coyote.AbstractProcessorLight.process(AbstractProcessorLight.java:63)
		at org.apache.coyote.AbstractProtocol$ConnectionHandler.process(AbstractProtocol.java:926)
		at org.apache.tomcat.util.net.NioEndpoint$SocketProcessor.doRun(NioEndpoint.java:1790)
		at org.apache.tomcat.util.net.SocketProcessorBase.run(SocketProcessorBase.java:52)
		at org.apache.tomcat.util.threads.ThreadPoolExecutor.runWorker(ThreadPoolExecutor.java:1191)
		at org.apache.tomcat.util.threads.ThreadPoolExecutor$Worker.run(ThreadPoolExecutor.java:659)
		at org.apache.tomcat.util.threads.TaskThread$WrappingRunnable.run(TaskThread.java:61)
		at java.base/java.lang.Thread.run(Thread.java:829)
19-Nov-2025 23:00:16.399 SEVERE [http-nio-8080-exec-18] org.apache.catalina.core.StandardWrapperValve.invoke Servlet.service() for servlet [LoginServlet] in context with path [/MolaBookStore] threw exception [/login.jsp (line: [135], column: [1]) Page directive must not have multiple occurrences of pageencoding] with root cause
	org.apache.jasper.JasperException: /login.jsp (line: [135], column: [1]) Page directive must not have multiple occurrences of pageencoding
		at org.apache.jasper.compiler.DefaultErrorHandler.jspError(DefaultErrorHandler.java:41)
		at org.apache.jasper.compiler.ErrorDispatcher.dispatch(ErrorDispatcher.java:292)
		at org.apache.jasper.compiler.ErrorDispatcher.jspError(ErrorDispatcher.java:115)
		at org.apache.jasper.compiler.Validator$DirectiveVisitor.visit(Validator.java:200)
		at org.apache.jasper.compiler.Node$PageDirective.accept(Node.java:576)
		at org.apache.jasper.compiler.Node$Nodes.visit(Node.java:2375)
		at org.apache.jasper.compiler.Node$Visitor.visitBody(Node.java:2431)
		at org.apache.jasper.compiler.Node$Visitor.visit(Node.java:2437)
		at org.apache.jasper.compiler.Node$Root.accept(Node.java:467)
		at org.apache.jasper.compiler.Node$Nodes.visit(Node.java:2375)
		at org.apache.jasper.compiler.Validator.validateDirectives(Validator.java:1829)
		at org.apache.jasper.compiler.Compiler.generateJava(Compiler.java:204)
		at org.apache.jasper.compiler.Compiler.compile(Compiler.java:392)
		at org.apache.jasper.compiler.Compiler.compile(Compiler.java:368)
		at org.apache.jasper.compiler.Compiler.compile(Compiler.java:352)
		at org.apache.jasper.JspCompilationContext.compile(JspCompilationContext.java:603)
		at org.apache.jasper.servlet.JspServletWrapper.service(JspServletWrapper.java:399)
		at org.apache.jasper.servlet.JspServlet.serviceJspFile(JspServlet.java:379)
		at org.apache.jasper.servlet.JspServlet.service(JspServlet.java:327)
		at javax.servlet.http.HttpServlet.service(HttpServlet.java:623)
		at org.apache.catalina.core.ApplicationFilterChain.internalDoFilter(ApplicationFilterChain.java:209)
		at org.apache.catalina.core.ApplicationFilterChain.doFilter(ApplicationFilterChain.java:153)
		at org.apache.tomcat.websocket.server.WsFilter.doFilter(WsFilter.java:51)
		at org.apache.catalina.core.ApplicationFilterChain.internalDoFilter(ApplicationFilterChain.java:178)
		at org.apache.catalina.core.ApplicationFilterChain.doFilter(ApplicationFilterChain.java:153)
		at org.apache.catalina.core.ApplicationDispatcher.invoke(ApplicationDispatcher.java:661)
		at org.apache.catalina.core.ApplicationDispatcher.processRequest(ApplicationDispatcher.java:425)
		at org.apache.catalina.core.ApplicationDispatcher.doForward(ApplicationDispatcher.java:357)
		at org.apache.catalina.core.ApplicationDispatcher.forward(ApplicationDispatcher.java:294)
		at com.bookstore.servlets.LoginServlet.doPost(LoginServlet.java:42)
		at javax.servlet.http.HttpServlet.service(HttpServlet.java:555)
		at javax.servlet.http.HttpServlet.service(HttpServlet.java:623)
		at org.apache.catalina.core.ApplicationFilterChain.internalDoFilter(ApplicationFilterChain.java:209)
		at org.apache.catalina.core.ApplicationFilterChain.doFilter(ApplicationFilterChain.java:153)
		at org.apache.tomcat.websocket.server.WsFilter.doFilter(WsFilter.java:51)
		at org.apache.catalina.core.ApplicationFilterChain.internalDoFilter(ApplicationFilterChain.java:178)
		at org.apache.catalina.core.ApplicationFilterChain.doFilter(ApplicationFilterChain.java:153)
		at org.apache.catalina.core.StandardWrapperValve.invoke(StandardWrapperValve.java:168)
		at org.apache.catalina.core.StandardContextValve.invoke(StandardContextValve.java:90)
		at org.apache.catalina.authenticator.AuthenticatorBase.invoke(AuthenticatorBase.java:481)
		at org.apache.catalina.core.StandardHostValve.invoke(StandardHostValve.java:130)
		at org.apache.catalina.valves.ErrorReportValve.invoke(ErrorReportValve.java:93)
		at org.apache.catalina.valves.AbstractAccessLogValve.invoke(AbstractAccessLogValve.java:670)
		at org.apache.catalina.core.StandardEngineValve.invoke(StandardEngineValve.java:74)
		at org.apache.catalina.connector.CoyoteAdapter.service(CoyoteAdapter.java:343)
		at org.apache.coyote.http11.Http11Processor.service(Http11Processor.java:390)
		at org.apache.coyote.AbstractProcessorLight.process(AbstractProcessorLight.java:63)
		at org.apache.coyote.AbstractProtocol$ConnectionHandler.process(AbstractProtocol.java:926)
		at org.apache.tomcat.util.net.NioEndpoint$SocketProcessor.doRun(NioEndpoint.java:1790)
		at org.apache.tomcat.util.net.SocketProcessorBase.run(SocketProcessorBase.java:52)
		at org.apache.tomcat.util.threads.ThreadPoolExecutor.runWorker(ThreadPoolExecutor.java:1191)
		at org.apache.tomcat.util.threads.ThreadPoolExecutor$Worker.run(ThreadPoolExecutor.java:659)
		at org.apache.tomcat.util.threads.TaskThread$WrappingRunnable.run(TaskThread.java:61)
		at java.base/java.lang.Thread.run(Thread.java:829)
19-Nov-2025 23:01:01.516 SEVERE [http-nio-8080-exec-16] org.apache.catalina.core.StandardWrapperValve.invoke Servlet.service() for servlet [SignupServlet] in context with path [/MolaBookStore] threw exception [Servlet execution threw an exception] with root cause
	java.lang.NoClassDefFoundError: org/mindrot/jbcrypt/BCrypt
		at com.bookstore.servlets.SignupServlet.doPost(SignupServlet.java:33)
		at javax.servlet.http.HttpServlet.service(HttpServlet.java:555)
		at javax.servlet.http.HttpServlet.service(HttpServlet.java:623)
		at org.apache.catalina.core.ApplicationFilterChain.internalDoFilter(ApplicationFilterChain.java:209)
		at org.apache.catalina.core.ApplicationFilterChain.doFilter(ApplicationFilterChain.java:153)
		at org.apache.tomcat.websocket.server.WsFilter.doFilter(WsFilter.java:51)
		at org.apache.catalina.core.ApplicationFilterChain.internalDoFilter(ApplicationFilterChain.java:178)
		at org.apache.catalina.core.ApplicationFilterChain.doFilter(ApplicationFilterChain.java:153)
		at org.apache.catalina.core.StandardWrapperValve.invoke(StandardWrapperValve.java:168)
		at org.apache.catalina.core.StandardContextValve.invoke(StandardContextValve.java:90)
		at org.apache.catalina.authenticator.AuthenticatorBase.invoke(AuthenticatorBase.java:481)
		at org.apache.catalina.core.StandardHostValve.invoke(StandardHostValve.java:130)
		at org.apache.catalina.valves.ErrorReportValve.invoke(ErrorReportValve.java:93)
		at org.apache.catalina.valves.AbstractAccessLogValve.invoke(AbstractAccessLogValve.java:670)
		at org.apache.catalina.core.StandardEngineValve.invoke(StandardEngineValve.java:74)
		at org.apache.catalina.connector.CoyoteAdapter.service(CoyoteAdapter.java:343)
		at org.apache.coyote.http11.Http11Processor.service(Http11Processor.java:390)
		at org.apache.coyote.AbstractProcessorLight.process(AbstractProcessorLight.java:63)
		at org.apache.coyote.AbstractProtocol$ConnectionHandler.process(AbstractProtocol.java:926)
		at org.apache.tomcat.util.net.NioEndpoint$SocketProcessor.doRun(NioEndpoint.java:1790)
		at org.apache.tomcat.util.net.SocketProcessorBase.run(SocketProcessorBase.java:52)
		at org.apache.tomcat.util.threads.ThreadPoolExecutor.runWorker(ThreadPoolExecutor.java:1191)
		at org.apache.tomcat.util.threads.ThreadPoolExecutor$Worker.run(ThreadPoolExecutor.java:659)
		at org.apache.tomcat.util.threads.TaskThread$WrappingRunnable.run(TaskThread.java:61)
		at java.base/java.lang.Thread.run(Thread.java:829)
19-Nov-2025 23:01:01.643 SEVERE [http-nio-8080-exec-19] org.apache.catalina.core.ApplicationDispatcher.invoke Servlet.service() for servlet [jsp] threw exception
	org.apache.jasper.JasperException: /login.jsp (line: [135], column: [1]) Page directive must not have multiple occurrences of pageencoding
		at org.apache.jasper.compiler.DefaultErrorHandler.jspError(DefaultErrorHandler.java:41)
		at org.apache.jasper.compiler.ErrorDispatcher.dispatch(ErrorDispatcher.java:292)
		at org.apache.jasper.compiler.ErrorDispatcher.jspError(ErrorDispatcher.java:115)
		at org.apache.jasper.compiler.Validator$DirectiveVisitor.visit(Validator.java:200)
		at org.apache.jasper.compiler.Node$PageDirective.accept(Node.java:576)
		at org.apache.jasper.compiler.Node$Nodes.visit(Node.java:2375)
		at org.apache.jasper.compiler.Node$Visitor.visitBody(Node.java:2431)
		at org.apache.jasper.compiler.Node$Visitor.visit(Node.java:2437)
		at org.apache.jasper.compiler.Node$Root.accept(Node.java:467)
		at org.apache.jasper.compiler.Node$Nodes.visit(Node.java:2375)
		at org.apache.jasper.compiler.Validator.validateDirectives(Validator.java:1829)
		at org.apache.jasper.compiler.Compiler.generateJava(Compiler.java:204)
		at org.apache.jasper.compiler.Compiler.compile(Compiler.java:392)
		at org.apache.jasper.compiler.Compiler.compile(Compiler.java:368)
		at org.apache.jasper.compiler.Compiler.compile(Compiler.java:352)
		at org.apache.jasper.JspCompilationContext.compile(JspCompilationContext.java:603)
		at org.apache.jasper.servlet.JspServletWrapper.service(JspServletWrapper.java:399)
		at org.apache.jasper.servlet.JspServlet.serviceJspFile(JspServlet.java:379)
		at org.apache.jasper.servlet.JspServlet.service(JspServlet.java:327)
		at javax.servlet.http.HttpServlet.service(HttpServlet.java:623)
		at org.apache.catalina.core.ApplicationFilterChain.internalDoFilter(ApplicationFilterChain.java:209)
		at org.apache.catalina.core.ApplicationFilterChain.doFilter(ApplicationFilterChain.java:153)
		at org.apache.tomcat.websocket.server.WsFilter.doFilter(WsFilter.java:51)
		at org.apache.catalina.core.ApplicationFilterChain.internalDoFilter(ApplicationFilterChain.java:178)
		at org.apache.catalina.core.ApplicationFilterChain.doFilter(ApplicationFilterChain.java:153)
		at org.apache.catalina.core.ApplicationDispatcher.invoke(ApplicationDispatcher.java:661)
		at org.apache.catalina.core.ApplicationDispatcher.processRequest(ApplicationDispatcher.java:425)
		at org.apache.catalina.core.ApplicationDispatcher.doForward(ApplicationDispatcher.java:357)
		at org.apache.catalina.core.ApplicationDispatcher.forward(ApplicationDispatcher.java:294)
		at com.bookstore.servlets.LoginServlet.doPost(LoginServlet.java:42)
		at javax.servlet.http.HttpServlet.service(HttpServlet.java:555)
		at javax.servlet.http.HttpServlet.service(HttpServlet.java:623)
		at org.apache.catalina.core.ApplicationFilterChain.internalDoFilter(ApplicationFilterChain.java:209)
		at org.apache.catalina.core.ApplicationFilterChain.doFilter(ApplicationFilterChain.java:153)
		at org.apache.tomcat.websocket.server.WsFilter.doFilter(WsFilter.java:51)
		at org.apache.catalina.core.ApplicationFilterChain.internalDoFilter(ApplicationFilterChain.java:178)
		at org.apache.catalina.core.ApplicationFilterChain.doFilter(ApplicationFilterChain.java:153)
		at org.apache.catalina.core.StandardWrapperValve.invoke(StandardWrapperValve.java:168)
		at org.apache.catalina.core.StandardContextValve.invoke(StandardContextValve.java:90)
		at org.apache.catalina.authenticator.AuthenticatorBase.invoke(AuthenticatorBase.java:481)
		at org.apache.catalina.core.StandardHostValve.invoke(StandardHostValve.java:130)
		at org.apache.catalina.valves.ErrorReportValve.invoke(ErrorReportValve.java:93)
		at org.apache.catalina.valves.AbstractAccessLogValve.invoke(AbstractAccessLogValve.java:670)
		at org.apache.catalina.core.StandardEngineValve.invoke(StandardEngineValve.java:74)
		at org.apache.catalina.connector.CoyoteAdapter.service(CoyoteAdapter.java:343)
		at org.apache.coyote.http11.Http11Processor.service(Http11Processor.java:390)
		at org.apache.coyote.AbstractProcessorLight.process(AbstractProcessorLight.java:63)
		at org.apache.coyote.AbstractProtocol$ConnectionHandler.process(AbstractProtocol.java:926)
		at org.apache.tomcat.util.net.NioEndpoint$SocketProcessor.doRun(NioEndpoint.java:1790)
		at org.apache.tomcat.util.net.SocketProcessorBase.run(SocketProcessorBase.java:52)
		at org.apache.tomcat.util.threads.ThreadPoolExecutor.runWorker(ThreadPoolExecutor.java:1191)
		at org.apache.tomcat.util.threads.ThreadPoolExecutor$Worker.run(ThreadPoolExecutor.java:659)
		at org.apache.tomcat.util.threads.TaskThread$WrappingRunnable.run(TaskThread.java:61)
		at java.base/java.lang.Thread.run(Thread.java:829)
19-Nov-2025 23:01:01.643 SEVERE [http-nio-8080-exec-19] org.apache.catalina.core.StandardWrapperValve.invoke Servlet.service() for servlet [LoginServlet] in context with path [/MolaBookStore] threw exception [/login.jsp (line: [135], column: [1]) Page directive must not have multiple occurrences of pageencoding] with root cause
	org.apache.jasper.JasperException: /login.jsp (line: [135], column: [1]) Page directive must not have multiple occurrences of pageencoding
		at org.apache.jasper.compiler.DefaultErrorHandler.jspError(DefaultErrorHandler.java:41)
		at org.apache.jasper.compiler.ErrorDispatcher.dispatch(ErrorDispatcher.java:292)
		at org.apache.jasper.compiler.ErrorDispatcher.jspError(ErrorDispatcher.java:115)
		at org.apache.jasper.compiler.Validator$DirectiveVisitor.visit(Validator.java:200)
		at org.apache.jasper.compiler.Node$PageDirective.accept(Node.java:576)
		at org.apache.jasper.compiler.Node$Nodes.visit(Node.java:2375)
		at org.apache.jasper.compiler.Node$Visitor.visitBody(Node.java:2431)
		at org.apache.jasper.compiler.Node$Visitor.visit(Node.java:2437)
		at org.apache.jasper.compiler.Node$Root.accept(Node.java:467)
		at org.apache.jasper.compiler.Node$Nodes.visit(Node.java:2375)
		at org.apache.jasper.compiler.Validator.validateDirectives(Validator.java:1829)
		at org.apache.jasper.compiler.Compiler.generateJava(Compiler.java:204)
		at org.apache.jasper.compiler.Compiler.compile(Compiler.java:392)
		at org.apache.jasper.compiler.Compiler.compile(Compiler.java:368)
		at org.apache.jasper.compiler.Compiler.compile(Compiler.java:352)
		at org.apache.jasper.JspCompilationContext.compile(JspCompilationContext.java:603)
		at org.apache.jasper.servlet.JspServletWrapper.service(JspServletWrapper.java:399)
		at org.apache.jasper.servlet.JspServlet.serviceJspFile(JspServlet.java:379)
		at org.apache.jasper.servlet.JspServlet.service(JspServlet.java:327)
		at javax.servlet.http.HttpServlet.service(HttpServlet.java:623)
		at org.apache.catalina.core.ApplicationFilterChain.internalDoFilter(ApplicationFilterChain.java:209)
		at org.apache.catalina.core.ApplicationFilterChain.doFilter(ApplicationFilterChain.java:153)
		at org.apache.tomcat.websocket.server.WsFilter.doFilter(WsFilter.java:51)
		at org.apache.catalina.core.ApplicationFilterChain.internalDoFilter(ApplicationFilterChain.java:178)
		at org.apache.catalina.core.ApplicationFilterChain.doFilter(ApplicationFilterChain.java:153)
		at org.apache.catalina.core.ApplicationDispatcher.invoke(ApplicationDispatcher.java:661)
		at org.apache.catalina.core.ApplicationDispatcher.processRequest(ApplicationDispatcher.java:425)
		at org.apache.catalina.core.ApplicationDispatcher.doForward(ApplicationDispatcher.java:357)
		at org.apache.catalina.core.ApplicationDispatcher.forward(ApplicationDispatcher.java:294)
		at com.bookstore.servlets.LoginServlet.doPost(LoginServlet.java:42)
		at javax.servlet.http.HttpServlet.service(HttpServlet.java:555)
		at javax.servlet.http.HttpServlet.service(HttpServlet.java:623)
		at org.apache.catalina.core.ApplicationFilterChain.internalDoFilter(ApplicationFilterChain.java:209)
		at org.apache.catalina.core.ApplicationFilterChain.doFilter(ApplicationFilterChain.java:153)
		at org.apache.tomcat.websocket.server.WsFilter.doFilter(WsFilter.java:51)
		at org.apache.catalina.core.ApplicationFilterChain.internalDoFilter(ApplicationFilterChain.java:178)
		at org.apache.catalina.core.ApplicationFilterChain.doFilter(ApplicationFilterChain.java:153)
		at org.apache.catalina.core.StandardWrapperValve.invoke(StandardWrapperValve.java:168)
		at org.apache.catalina.core.StandardContextValve.invoke(StandardContextValve.java:90)
		at org.apache.catalina.authenticator.AuthenticatorBase.invoke(AuthenticatorBase.java:481)
		at org.apache.catalina.core.StandardHostValve.invoke(StandardHostValve.java:130)
		at org.apache.catalina.valves.ErrorReportValve.invoke(ErrorReportValve.java:93)
		at org.apache.catalina.valves.AbstractAccessLogValve.invoke(AbstractAccessLogValve.java:670)
		at org.apache.catalina.core.StandardEngineValve.invoke(StandardEngineValve.java:74)
		at org.apache.catalina.connector.CoyoteAdapter.service(CoyoteAdapter.java:343)
		at org.apache.coyote.http11.Http11Processor.service(Http11Processor.java:390)
		at org.apache.coyote.AbstractProcessorLight.process(AbstractProcessorLight.java:63)
		at org.apache.coyote.AbstractProtocol$ConnectionHandler.process(AbstractProtocol.java:926)
		at org.apache.tomcat.util.net.NioEndpoint$SocketProcessor.doRun(NioEndpoint.java:1790)
		at org.apache.tomcat.util.net.SocketProcessorBase.run(SocketProcessorBase.java:52)
		at org.apache.tomcat.util.threads.ThreadPoolExecutor.runWorker(ThreadPoolExecutor.java:1191)
		at org.apache.tomcat.util.threads.ThreadPoolExecutor$Worker.run(ThreadPoolExecutor.java:659)
		at org.apache.tomcat.util.threads.TaskThread$WrappingRunnable.run(TaskThread.java:61)
		at java.base/java.lang.Thread.run(Thread.java:829)
19-Nov-2025 23:01:21.017 SEVERE [http-nio-8080-exec-12] org.apache.catalina.core.StandardWrapperValve.invoke Servlet.service() for servlet [SignupServlet] in context with path [/MolaBookStore] threw exception [Servlet execution threw an exception] with root cause
	java.lang.NoClassDefFoundError: org/mindrot/jbcrypt/BCrypt
		at com.bookstore.servlets.SignupServlet.doPost(SignupServlet.java:33)
		at javax.servlet.http.HttpServlet.service(HttpServlet.java:555)
		at javax.servlet.http.HttpServlet.service(HttpServlet.java:623)
		at org.apache.catalina.core.ApplicationFilterChain.internalDoFilter(ApplicationFilterChain.java:209)
		at org.apache.catalina.core.ApplicationFilterChain.doFilter(ApplicationFilterChain.java:153)
		at org.apache.tomcat.websocket.server.WsFilter.doFilter(WsFilter.java:51)
		at org.apache.catalina.core.ApplicationFilterChain.internalDoFilter(ApplicationFilterChain.java:178)
		at org.apache.catalina.core.ApplicationFilterChain.doFilter(ApplicationFilterChain.java:153)
		at org.apache.catalina.core.StandardWrapperValve.invoke(StandardWrapperValve.java:168)
		at org.apache.catalina.core.StandardContextValve.invoke(StandardContextValve.java:90)
		at org.apache.catalina.authenticator.AuthenticatorBase.invoke(AuthenticatorBase.java:481)
		at org.apache.catalina.core.StandardHostValve.invoke(StandardHostValve.java:130)
		at org.apache.catalina.valves.ErrorReportValve.invoke(ErrorReportValve.java:93)
		at org.apache.catalina.valves.AbstractAccessLogValve.invoke(AbstractAccessLogValve.java:670)
		at org.apache.catalina.core.StandardEngineValve.invoke(StandardEngineValve.java:74)
		at org.apache.catalina.connector.CoyoteAdapter.service(CoyoteAdapter.java:343)
		at org.apache.coyote.http11.Http11Processor.service(Http11Processor.java:390)
		at org.apache.coyote.AbstractProcessorLight.process(AbstractProcessorLight.java:63)
		at org.apache.coyote.AbstractProtocol$ConnectionHandler.process(AbstractProtocol.java:926)
		at org.apache.tomcat.util.net.NioEndpoint$SocketProcessor.doRun(NioEndpoint.java:1790)
		at org.apache.tomcat.util.net.SocketProcessorBase.run(SocketProcessorBase.java:52)
		at org.apache.tomcat.util.threads.ThreadPoolExecutor.runWorker(ThreadPoolExecutor.java:1191)
		at org.apache.tomcat.util.threads.ThreadPoolExecutor$Worker.run(ThreadPoolExecutor.java:659)
		at org.apache.tomcat.util.threads.TaskThread$WrappingRunnable.run(TaskThread.java:61)
		at java.base/java.lang.Thread.run(Thread.java:829)
19-Nov-2025 23:02:10.875 SEVERE [http-nio-8080-exec-15] org.apache.catalina.core.StandardWrapperValve.invoke Servlet.service() for servlet [SignupServlet] in context with path [/MolaBookStore] threw exception [Servlet execution threw an exception] with root cause
	java.lang.NoClassDefFoundError: org/mindrot/jbcrypt/BCrypt
		at com.bookstore.servlets.SignupServlet.doPost(SignupServlet.java:33)
		at javax.servlet.http.HttpServlet.service(HttpServlet.java:555)
		at javax.servlet.http.HttpServlet.service(HttpServlet.java:623)
		at org.apache.catalina.core.ApplicationFilterChain.internalDoFilter(ApplicationFilterChain.java:209)
		at org.apache.catalina.core.ApplicationFilterChain.doFilter(ApplicationFilterChain.java:153)
		at org.apache.tomcat.websocket.server.WsFilter.doFilter(WsFilter.java:51)
		at org.apache.catalina.core.ApplicationFilterChain.internalDoFilter(ApplicationFilterChain.java:178)
		at org.apache.catalina.core.ApplicationFilterChain.doFilter(ApplicationFilterChain.java:153)
		at org.apache.catalina.core.StandardWrapperValve.invoke(StandardWrapperValve.java:168)
		at org.apache.catalina.core.StandardContextValve.invoke(StandardContextValve.java:90)
		at org.apache.catalina.authenticator.AuthenticatorBase.invoke(AuthenticatorBase.java:481)
		at org.apache.catalina.core.StandardHostValve.invoke(StandardHostValve.java:130)
		at org.apache.catalina.valves.ErrorReportValve.invoke(ErrorReportValve.java:93)
		at org.apache.catalina.valves.AbstractAccessLogValve.invoke(AbstractAccessLogValve.java:670)
		at org.apache.catalina.core.StandardEngineValve.invoke(StandardEngineValve.java:74)
		at org.apache.catalina.connector.CoyoteAdapter.service(CoyoteAdapter.java:343)
		at org.apache.coyote.http11.Http11Processor.service(Http11Processor.java:390)
		at org.apache.coyote.AbstractProcessorLight.process(AbstractProcessorLight.java:63)
		at org.apache.coyote.AbstractProtocol$ConnectionHandler.process(AbstractProtocol.java:926)
		at org.apache.tomcat.util.net.NioEndpoint$SocketProcessor.doRun(NioEndpoint.java:1790)
		at org.apache.tomcat.util.net.SocketProcessorBase.run(SocketProcessorBase.java:52)
		at org.apache.tomcat.util.threads.ThreadPoolExecutor.runWorker(ThreadPoolExecutor.java:1191)
		at org.apache.tomcat.util.threads.ThreadPoolExecutor$Worker.run(ThreadPoolExecutor.java:659)
		at org.apache.tomcat.util.threads.TaskThread$WrappingRunnable.run(TaskThread.java:61)
		at java.base/java.lang.Thread.run(Thread.java:829)
19-Nov-2025 23:02:20.917 SEVERE [http-nio-8080-exec-13] org.apache.catalina.core.StandardWrapperValve.invoke Servlet.service() for servlet [SignupServlet] in context with path [/MolaBookStore] threw exception [Servlet execution threw an exception] with root cause
	java.lang.NoClassDefFoundError: org/mindrot/jbcrypt/BCrypt
		at com.bookstore.servlets.SignupServlet.doPost(SignupServlet.java:33)
		at javax.servlet.http.HttpServlet.service(HttpServlet.java:555)
		at javax.servlet.http.HttpServlet.service(HttpServlet.java:623)
		at org.apache.catalina.core.ApplicationFilterChain.internalDoFilter(ApplicationFilterChain.java:209)
		at org.apache.catalina.core.ApplicationFilterChain.doFilter(ApplicationFilterChain.java:153)
		at org.apache.tomcat.websocket.server.WsFilter.doFilter(WsFilter.java:51)
		at org.apache.catalina.core.ApplicationFilterChain.internalDoFilter(ApplicationFilterChain.java:178)
		at org.apache.catalina.core.ApplicationFilterChain.doFilter(ApplicationFilterChain.java:153)
		at org.apache.catalina.core.StandardWrapperValve.invoke(StandardWrapperValve.java:168)
		at org.apache.catalina.core.StandardContextValve.invoke(StandardContextValve.java:90)
		at org.apache.catalina.authenticator.AuthenticatorBase.invoke(AuthenticatorBase.java:481)
		at org.apache.catalina.core.StandardHostValve.invoke(StandardHostValve.java:130)
		at org.apache.catalina.valves.ErrorReportValve.invoke(ErrorReportValve.java:93)
		at org.apache.catalina.valves.AbstractAccessLogValve.invoke(AbstractAccessLogValve.java:670)
		at org.apache.catalina.core.StandardEngineValve.invoke(StandardEngineValve.java:74)
		at org.apache.catalina.connector.CoyoteAdapter.service(CoyoteAdapter.java:343)
		at org.apache.coyote.http11.Http11Processor.service(Http11Processor.java:390)
		at org.apache.coyote.AbstractProcessorLight.process(AbstractProcessorLight.java:63)
		at org.apache.coyote.AbstractProtocol$ConnectionHandler.process(AbstractProtocol.java:926)
		at org.apache.tomcat.util.net.NioEndpoint$SocketProcessor.doRun(NioEndpoint.java:1790)
		at org.apache.tomcat.util.net.SocketProcessorBase.run(SocketProcessorBase.java:52)
		at org.apache.tomcat.util.threads.ThreadPoolExecutor.runWorker(ThreadPoolExecutor.java:1191)
		at org.apache.tomcat.util.threads.ThreadPoolExecutor$Worker.run(ThreadPoolExecutor.java:659)
		at org.apache.tomcat.util.threads.TaskThread$WrappingRunnable.run(TaskThread.java:61)
		at java.base/java.lang.Thread.run(Thread.java:829)
19-Nov-2025 23:02:29.808 WARNING [Catalina-utility-2] org.apache.catalina.session.StandardSession.doWriteObject Cannot serialize session attribute [cart] for session [B3C44CCA9DB5F6918B0723C0D19D5A3D]
	java.io.NotSerializableException: com.bookstore.model.Book
		at java.base/java.io.ObjectOutputStream.writeObject0(ObjectOutputStream.java:1185)
		at java.base/java.io.ObjectOutputStream.writeObject(ObjectOutputStream.java:349)
		at java.base/java.util.HashMap.internalWriteEntries(HashMap.java:1857)
		at java.base/java.util.HashMap.writeObject(HashMap.java:1412)
		at java.base/jdk.internal.reflect.NativeMethodAccessorImpl.invoke0(Native Method)
		at java.base/jdk.internal.reflect.NativeMethodAccessorImpl.invoke(NativeMethodAccessorImpl.java:62)
		at java.base/jdk.internal.reflect.DelegatingMethodAccessorImpl.invoke(DelegatingMethodAccessorImpl.java:43)
		at java.base/java.lang.reflect.Method.invoke(Method.java:566)
		at java.base/java.io.ObjectStreamClass.invokeWriteObject(ObjectStreamClass.java:1145)
		at java.base/java.io.ObjectOutputStream.writeSerialData(ObjectOutputStream.java:1497)
		at java.base/java.io.ObjectOutputStream.writeOrdinaryObject(ObjectOutputStream.java:1433)
		at java.base/java.io.ObjectOutputStream.writeObject0(ObjectOutputStream.java:1179)
		at java.base/java.io.ObjectOutputStream.writeObject(ObjectOutputStream.java:349)
		at org.apache.catalina.session.StandardSession.doWriteObject(StandardSession.java:1647)
		at org.apache.catalina.session.StandardSession.writeObjectData(StandardSession.java:1015)
		at org.apache.catalina.session.StandardManager.doUnload(StandardManager.java:307)
		at org.apache.catalina.session.StandardManager.unload(StandardManager.java:259)
		at org.apache.catalina.session.StandardManager.stopInternal(StandardManager.java:374)
		at org.apache.catalina.util.LifecycleBase.stop(LifecycleBase.java:242)
		at org.apache.catalina.core.StandardContext.stopInternal(StandardContext.java:5143)
		at org.apache.catalina.util.LifecycleBase.stop(LifecycleBase.java:242)
		at org.apache.catalina.core.StandardContext.reload(StandardContext.java:3575)
		at org.apache.catalina.startup.HostConfig.reload(HostConfig.java:1442)
		at org.apache.catalina.startup.HostConfig.checkResources(HostConfig.java:1414)
		at org.apache.catalina.startup.HostConfig.check(HostConfig.java:1653)
		at org.apache.catalina.startup.HostConfig.lifecycleEvent(HostConfig.java:314)
		at org.apache.catalina.util.LifecycleBase.fireLifecycleEvent(LifecycleBase.java:114)
		at org.apache.catalina.core.ContainerBase.backgroundProcess(ContainerBase.java:1098)
		at org.apache.catalina.core.ContainerBase$ContainerBackgroundProcessor.processChildren(ContainerBase.java:1301)
		at org.apache.catalina.core.ContainerBase$ContainerBackgroundProcessor.processChildren(ContainerBase.java:1305)
		at org.apache.catalina.core.ContainerBase$ContainerBackgroundProcessor.run(ContainerBase.java:1283)
		at java.base/java.util.concurrent.Executors$RunnableAdapter.call(Executors.java:515)
		at java.base/java.util.concurrent.FutureTask.runAndReset(FutureTask.java:305)
		at java.base/java.util.concurrent.ScheduledThreadPoolExecutor$ScheduledFutureTask.run(ScheduledThreadPoolExecutor.java:305)
		at java.base/java.util.concurrent.ThreadPoolExecutor.runWorker(ThreadPoolExecutor.java:1128)
		at java.base/java.util.concurrent.ThreadPoolExecutor$Worker.run(ThreadPoolExecutor.java:628)
		at org.apache.tomcat.util.threads.TaskThread$WrappingRunnable.run(TaskThread.java:61)
		at java.base/java.lang.Thread.run(Thread.java:829)
19-Nov-2025 23:02:29.811 WARNING [Catalina-utility-2] org.apache.catalina.session.StandardSession.doWriteObject Cannot serialize session attribute [cart] for session [301E17B470075BCFF42B6BB703FBEF4F]
	java.io.NotSerializableException: com.bookstore.model.Book
		at java.base/java.io.ObjectOutputStream.writeObject0(ObjectOutputStream.java:1185)
		at java.base/java.io.ObjectOutputStream.writeObject(ObjectOutputStream.java:349)
		at java.base/java.util.HashMap.internalWriteEntries(HashMap.java:1857)
		at java.base/java.util.HashMap.writeObject(HashMap.java:1412)
		at java.base/jdk.internal.reflect.NativeMethodAccessorImpl.invoke0(Native Method)
		at java.base/jdk.internal.reflect.NativeMethodAccessorImpl.invoke(NativeMethodAccessorImpl.java:62)
		at java.base/jdk.internal.reflect.DelegatingMethodAccessorImpl.invoke(DelegatingMethodAccessorImpl.java:43)
		at java.base/java.lang.reflect.Method.invoke(Method.java:566)
		at java.base/java.io.ObjectStreamClass.invokeWriteObject(ObjectStreamClass.java:1145)
		at java.base/java.io.ObjectOutputStream.writeSerialData(ObjectOutputStream.java:1497)
		at java.base/java.io.ObjectOutputStream.writeOrdinaryObject(ObjectOutputStream.java:1433)
		at java.base/java.io.ObjectOutputStream.writeObject0(ObjectOutputStream.java:1179)
		at java.base/java.io.ObjectOutputStream.writeObject(ObjectOutputStream.java:349)
		at org.apache.catalina.session.StandardSession.doWriteObject(StandardSession.java:1647)
		at org.apache.catalina.session.StandardSession.writeObjectData(StandardSession.java:1015)
		at org.apache.catalina.session.StandardManager.doUnload(StandardManager.java:307)
		at org.apache.catalina.session.StandardManager.unload(StandardManager.java:259)
		at org.apache.catalina.session.StandardManager.stopInternal(StandardManager.java:374)
		at org.apache.catalina.util.LifecycleBase.stop(LifecycleBase.java:242)
		at org.apache.catalina.core.StandardContext.stopInternal(StandardContext.java:5143)
		at org.apache.catalina.util.LifecycleBase.stop(LifecycleBase.java:242)
		at org.apache.catalina.core.StandardContext.reload(StandardContext.java:3575)
		at org.apache.catalina.startup.HostConfig.reload(HostConfig.java:1442)
		at org.apache.catalina.startup.HostConfig.checkResources(HostConfig.java:1414)
		at org.apache.catalina.startup.HostConfig.check(HostConfig.java:1653)
		at org.apache.catalina.startup.HostConfig.lifecycleEvent(HostConfig.java:314)
		at org.apache.catalina.util.LifecycleBase.fireLifecycleEvent(LifecycleBase.java:114)
		at org.apache.catalina.core.ContainerBase.backgroundProcess(ContainerBase.java:1098)
		at org.apache.catalina.core.ContainerBase$ContainerBackgroundProcessor.processChildren(ContainerBase.java:1301)
		at org.apache.catalina.core.ContainerBase$ContainerBackgroundProcessor.processChildren(ContainerBase.java:1305)
		at org.apache.catalina.core.ContainerBase$ContainerBackgroundProcessor.run(ContainerBase.java:1283)
		at java.base/java.util.concurrent.Executors$RunnableAdapter.call(Executors.java:515)
		at java.base/java.util.concurrent.FutureTask.runAndReset(FutureTask.java:305)
		at java.base/java.util.concurrent.ScheduledThreadPoolExecutor$ScheduledFutureTask.run(ScheduledThreadPoolExecutor.java:305)
		at java.base/java.util.concurrent.ThreadPoolExecutor.runWorker(ThreadPoolExecutor.java:1128)
		at java.base/java.util.concurrent.ThreadPoolExecutor$Worker.run(ThreadPoolExecutor.java:628)
		at org.apache.tomcat.util.threads.TaskThread$WrappingRunnable.run(TaskThread.java:61)
		at java.base/java.lang.Thread.run(Thread.java:829)
19-Nov-2025 23:02:29.813 WARNING [Catalina-utility-2] org.apache.catalina.session.StandardSession.doWriteObject Cannot serialize session attribute [cart] for session [DD0C7058B292F183378B41D5769433F4]
	java.io.NotSerializableException: com.bookstore.model.Book
		at java.base/java.io.ObjectOutputStream.writeObject0(ObjectOutputStream.java:1185)
		at java.base/java.io.ObjectOutputStream.writeObject(ObjectOutputStream.java:349)
		at java.base/java.util.HashMap.internalWriteEntries(HashMap.java:1857)
		at java.base/java.util.HashMap.writeObject(HashMap.java:1412)
		at java.base/jdk.internal.reflect.NativeMethodAccessorImpl.invoke0(Native Method)
		at java.base/jdk.internal.reflect.NativeMethodAccessorImpl.invoke(NativeMethodAccessorImpl.java:62)
		at java.base/jdk.internal.reflect.DelegatingMethodAccessorImpl.invoke(DelegatingMethodAccessorImpl.java:43)
		at java.base/java.lang.reflect.Method.invoke(Method.java:566)
		at java.base/java.io.ObjectStreamClass.invokeWriteObject(ObjectStreamClass.java:1145)
		at java.base/java.io.ObjectOutputStream.writeSerialData(ObjectOutputStream.java:1497)
		at java.base/java.io.ObjectOutputStream.writeOrdinaryObject(ObjectOutputStream.java:1433)
		at java.base/java.io.ObjectOutputStream.writeObject0(ObjectOutputStream.java:1179)
		at java.base/java.io.ObjectOutputStream.writeObject(ObjectOutputStream.java:349)
		at org.apache.catalina.session.StandardSession.doWriteObject(StandardSession.java:1647)
		at org.apache.catalina.session.StandardSession.writeObjectData(StandardSession.java:1015)
		at org.apache.catalina.session.StandardManager.doUnload(StandardManager.java:307)
		at org.apache.catalina.session.StandardManager.unload(StandardManager.java:259)
		at org.apache.catalina.session.StandardManager.stopInternal(StandardManager.java:374)
		at org.apache.catalina.util.LifecycleBase.stop(LifecycleBase.java:242)
		at org.apache.catalina.core.StandardContext.stopInternal(StandardContext.java:5143)
		at org.apache.catalina.util.LifecycleBase.stop(LifecycleBase.java:242)
		at org.apache.catalina.core.StandardContext.reload(StandardContext.java:3575)
		at org.apache.catalina.startup.HostConfig.reload(HostConfig.java:1442)
		at org.apache.catalina.startup.HostConfig.checkResources(HostConfig.java:1414)
		at org.apache.catalina.startup.HostConfig.check(HostConfig.java:1653)
		at org.apache.catalina.startup.HostConfig.lifecycleEvent(HostConfig.java:314)
		at org.apache.catalina.util.LifecycleBase.fireLifecycleEvent(LifecycleBase.java:114)
		at org.apache.catalina.core.ContainerBase.backgroundProcess(ContainerBase.java:1098)
		at org.apache.catalina.core.ContainerBase$ContainerBackgroundProcessor.processChildren(ContainerBase.java:1301)
		at org.apache.catalina.core.ContainerBase$ContainerBackgroundProcessor.processChildren(ContainerBase.java:1305)
		at org.apache.catalina.core.ContainerBase$ContainerBackgroundProcessor.run(ContainerBase.java:1283)
		at java.base/java.util.concurrent.Executors$RunnableAdapter.call(Executors.java:515)
		at java.base/java.util.concurrent.FutureTask.runAndReset(FutureTask.java:305)
		at java.base/java.util.concurrent.ScheduledThreadPoolExecutor$ScheduledFutureTask.run(ScheduledThreadPoolExecutor.java:305)
		at java.base/java.util.concurrent.ThreadPoolExecutor.runWorker(ThreadPoolExecutor.java:1128)
		at java.base/java.util.concurrent.ThreadPoolExecutor$Worker.run(ThreadPoolExecutor.java:628)
		at org.apache.tomcat.util.threads.TaskThread$WrappingRunnable.run(TaskThread.java:61)
		at java.base/java.lang.Thread.run(Thread.java:829)
19-Nov-2025 23:02:29.814 WARNING [Catalina-utility-2] org.apache.catalina.session.StandardSession.doWriteObject Cannot serialize session attribute [cart] for session [0EB9BFB670B6C88197496CBAF7A512AE]
	java.io.NotSerializableException: com.bookstore.model.Book
		at java.base/java.io.ObjectOutputStream.writeObject0(ObjectOutputStream.java:1185)
		at java.base/java.io.ObjectOutputStream.writeObject(ObjectOutputStream.java:349)
		at java.base/java.util.HashMap.internalWriteEntries(HashMap.java:1857)
		at java.base/java.util.HashMap.writeObject(HashMap.java:1412)
		at java.base/jdk.internal.reflect.NativeMethodAccessorImpl.invoke0(Native Method)
		at java.base/jdk.internal.reflect.NativeMethodAccessorImpl.invoke(NativeMethodAccessorImpl.java:62)
		at java.base/jdk.internal.reflect.DelegatingMethodAccessorImpl.invoke(DelegatingMethodAccessorImpl.java:43)
		at java.base/java.lang.reflect.Method.invoke(Method.java:566)
		at java.base/java.io.ObjectStreamClass.invokeWriteObject(ObjectStreamClass.java:1145)
		at java.base/java.io.ObjectOutputStream.writeSerialData(ObjectOutputStream.java:1497)
		at java.base/java.io.ObjectOutputStream.writeOrdinaryObject(ObjectOutputStream.java:1433)
		at java.base/java.io.ObjectOutputStream.writeObject0(ObjectOutputStream.java:1179)
		at java.base/java.io.ObjectOutputStream.writeObject(ObjectOutputStream.java:349)
		at org.apache.catalina.session.StandardSession.doWriteObject(StandardSession.java:1647)
		at org.apache.catalina.session.StandardSession.writeObjectData(StandardSession.java:1015)
		at org.apache.catalina.session.StandardManager.doUnload(StandardManager.java:307)
		at org.apache.catalina.session.StandardManager.unload(StandardManager.java:259)
		at org.apache.catalina.session.StandardManager.stopInternal(StandardManager.java:374)
		at org.apache.catalina.util.LifecycleBase.stop(LifecycleBase.java:242)
		at org.apache.catalina.core.StandardContext.stopInternal(StandardContext.java:5143)
		at org.apache.catalina.util.LifecycleBase.stop(LifecycleBase.java:242)
		at org.apache.catalina.core.StandardContext.reload(StandardContext.java:3575)
		at org.apache.catalina.startup.HostConfig.reload(HostConfig.java:1442)
		at org.apache.catalina.startup.HostConfig.checkResources(HostConfig.java:1414)
		at org.apache.catalina.startup.HostConfig.check(HostConfig.java:1653)
		at org.apache.catalina.startup.HostConfig.lifecycleEvent(HostConfig.java:314)
		at org.apache.catalina.util.LifecycleBase.fireLifecycleEvent(LifecycleBase.java:114)
		at org.apache.catalina.core.ContainerBase.backgroundProcess(ContainerBase.java:1098)
		at org.apache.catalina.core.ContainerBase$ContainerBackgroundProcessor.processChildren(ContainerBase.java:1301)
		at org.apache.catalina.core.ContainerBase$ContainerBackgroundProcessor.processChildren(ContainerBase.java:1305)
		at org.apache.catalina.core.ContainerBase$ContainerBackgroundProcessor.run(ContainerBase.java:1283)
		at java.base/java.util.concurrent.Executors$RunnableAdapter.call(Executors.java:515)
		at java.base/java.util.concurrent.FutureTask.runAndReset(FutureTask.java:305)
		at java.base/java.util.concurrent.ScheduledThreadPoolExecutor$ScheduledFutureTask.run(ScheduledThreadPoolExecutor.java:305)
		at java.base/java.util.concurrent.ThreadPoolExecutor.runWorker(ThreadPoolExecutor.java:1128)
		at java.base/java.util.concurrent.ThreadPoolExecutor$Worker.run(ThreadPoolExecutor.java:628)
		at org.apache.tomcat.util.threads.TaskThread$WrappingRunnable.run(TaskThread.java:61)
		at java.base/java.lang.Thread.run(Thread.java:829)
19-Nov-2025 23:02:29.815 WARNING [Catalina-utility-2] org.apache.catalina.session.StandardSession.doWriteObject Cannot serialize session attribute [cart] for session [0A94341D3A917BDA60E44EAF5176FF79]
	java.io.NotSerializableException: com.bookstore.model.Book
		at java.base/java.io.ObjectOutputStream.writeObject0(ObjectOutputStream.java:1185)
		at java.base/java.io.ObjectOutputStream.writeObject(ObjectOutputStream.java:349)
		at java.base/java.util.HashMap.internalWriteEntries(HashMap.java:1857)
		at java.base/java.util.HashMap.writeObject(HashMap.java:1412)
		at java.base/jdk.internal.reflect.NativeMethodAccessorImpl.invoke0(Native Method)
		at java.base/jdk.internal.reflect.NativeMethodAccessorImpl.invoke(NativeMethodAccessorImpl.java:62)
		at java.base/jdk.internal.reflect.DelegatingMethodAccessorImpl.invoke(DelegatingMethodAccessorImpl.java:43)
		at java.base/java.lang.reflect.Method.invoke(Method.java:566)
		at java.base/java.io.ObjectStreamClass.invokeWriteObject(ObjectStreamClass.java:1145)
		at java.base/java.io.ObjectOutputStream.writeSerialData(ObjectOutputStream.java:1497)
		at java.base/java.io.ObjectOutputStream.writeOrdinaryObject(ObjectOutputStream.java:1433)
		at java.base/java.io.ObjectOutputStream.writeObject0(ObjectOutputStream.java:1179)
		at java.base/java.io.ObjectOutputStream.writeObject(ObjectOutputStream.java:349)
		at org.apache.catalina.session.StandardSession.doWriteObject(StandardSession.java:1647)
		at org.apache.catalina.session.StandardSession.writeObjectData(StandardSession.java:1015)
		at org.apache.catalina.session.StandardManager.doUnload(StandardManager.java:307)
		at org.apache.catalina.session.StandardManager.unload(StandardManager.java:259)
		at org.apache.catalina.session.StandardManager.stopInternal(StandardManager.java:374)
		at org.apache.catalina.util.LifecycleBase.stop(LifecycleBase.java:242)
		at org.apache.catalina.core.StandardContext.stopInternal(StandardContext.java:5143)
		at org.apache.catalina.util.LifecycleBase.stop(LifecycleBase.java:242)
		at org.apache.catalina.core.StandardContext.reload(StandardContext.java:3575)
		at org.apache.catalina.startup.HostConfig.reload(HostConfig.java:1442)
		at org.apache.catalina.startup.HostConfig.checkResources(HostConfig.java:1414)
		at org.apache.catalina.startup.HostConfig.check(HostConfig.java:1653)
		at org.apache.catalina.startup.HostConfig.lifecycleEvent(HostConfig.java:314)
		at org.apache.catalina.util.LifecycleBase.fireLifecycleEvent(LifecycleBase.java:114)
		at org.apache.catalina.core.ContainerBase.backgroundProcess(ContainerBase.java:1098)
		at org.apache.catalina.core.ContainerBase$ContainerBackgroundProcessor.processChildren(ContainerBase.java:1301)
		at org.apache.catalina.core.ContainerBase$ContainerBackgroundProcessor.processChildren(ContainerBase.java:1305)
		at org.apache.catalina.core.ContainerBase$ContainerBackgroundProcessor.run(ContainerBase.java:1283)
		at java.base/java.util.concurrent.Executors$RunnableAdapter.call(Executors.java:515)
		at java.base/java.util.concurrent.FutureTask.runAndReset(FutureTask.java:305)
		at java.base/java.util.concurrent.ScheduledThreadPoolExecutor$ScheduledFutureTask.run(ScheduledThreadPoolExecutor.java:305)
		at java.base/java.util.concurrent.ThreadPoolExecutor.runWorker(ThreadPoolExecutor.java:1128)
		at java.base/java.util.concurrent.ThreadPoolExecutor$Worker.run(ThreadPoolExecutor.java:628)
		at org.apache.tomcat.util.threads.TaskThread$WrappingRunnable.run(TaskThread.java:61)
		at java.base/java.lang.Thread.run(Thread.java:829)
19-Nov-2025 23:02:29.816 WARNING [Catalina-utility-2] org.apache.catalina.session.StandardSession.doWriteObject Cannot serialize session attribute [cart] for session [E8C10D4A3EF1DBAA8E5945C7500E0B4B]
	java.io.NotSerializableException: com.bookstore.model.Book
		at java.base/java.io.ObjectOutputStream.writeObject0(ObjectOutputStream.java:1185)
		at java.base/java.io.ObjectOutputStream.writeObject(ObjectOutputStream.java:349)
		at java.base/java.util.HashMap.internalWriteEntries(HashMap.java:1857)
		at java.base/java.util.HashMap.writeObject(HashMap.java:1412)
		at java.base/jdk.internal.reflect.NativeMethodAccessorImpl.invoke0(Native Method)
		at java.base/jdk.internal.reflect.NativeMethodAccessorImpl.invoke(NativeMethodAccessorImpl.java:62)
		at java.base/jdk.internal.reflect.DelegatingMethodAccessorImpl.invoke(DelegatingMethodAccessorImpl.java:43)
		at java.base/java.lang.reflect.Method.invoke(Method.java:566)
		at java.base/java.io.ObjectStreamClass.invokeWriteObject(ObjectStreamClass.java:1145)
		at java.base/java.io.ObjectOutputStream.writeSerialData(ObjectOutputStream.java:1497)
		at java.base/java.io.ObjectOutputStream.writeOrdinaryObject(ObjectOutputStream.java:1433)
		at java.base/java.io.ObjectOutputStream.writeObject0(ObjectOutputStream.java:1179)
		at java.base/java.io.ObjectOutputStream.writeObject(ObjectOutputStream.java:349)
		at org.apache.catalina.session.StandardSession.doWriteObject(StandardSession.java:1647)
		at org.apache.catalina.session.StandardSession.writeObjectData(StandardSession.java:1015)
		at org.apache.catalina.session.StandardManager.doUnload(StandardManager.java:307)
		at org.apache.catalina.session.StandardManager.unload(StandardManager.java:259)
		at org.apache.catalina.session.StandardManager.stopInternal(StandardManager.java:374)
		at org.apache.catalina.util.LifecycleBase.stop(LifecycleBase.java:242)
		at org.apache.catalina.core.StandardContext.stopInternal(StandardContext.java:5143)
		at org.apache.catalina.util.LifecycleBase.stop(LifecycleBase.java:242)
		at org.apache.catalina.core.StandardContext.reload(StandardContext.java:3575)
		at org.apache.catalina.startup.HostConfig.reload(HostConfig.java:1442)
		at org.apache.catalina.startup.HostConfig.checkResources(HostConfig.java:1414)
		at org.apache.catalina.startup.HostConfig.check(HostConfig.java:1653)
		at org.apache.catalina.startup.HostConfig.lifecycleEvent(HostConfig.java:314)
		at org.apache.catalina.util.LifecycleBase.fireLifecycleEvent(LifecycleBase.java:114)
		at org.apache.catalina.core.ContainerBase.backgroundProcess(ContainerBase.java:1098)
		at org.apache.catalina.core.ContainerBase$ContainerBackgroundProcessor.processChildren(ContainerBase.java:1301)
		at org.apache.catalina.core.ContainerBase$ContainerBackgroundProcessor.processChildren(ContainerBase.java:1305)
		at org.apache.catalina.core.ContainerBase$ContainerBackgroundProcessor.run(ContainerBase.java:1283)
		at java.base/java.util.concurrent.Executors$RunnableAdapter.call(Executors.java:515)
		at java.base/java.util.concurrent.FutureTask.runAndReset(FutureTask.java:305)
		at java.base/java.util.concurrent.ScheduledThreadPoolExecutor$ScheduledFutureTask.run(ScheduledThreadPoolExecutor.java:305)
		at java.base/java.util.concurrent.ThreadPoolExecutor.runWorker(ThreadPoolExecutor.java:1128)
		at java.base/java.util.concurrent.ThreadPoolExecutor$Worker.run(ThreadPoolExecutor.java:628)
		at org.apache.tomcat.util.threads.TaskThread$WrappingRunnable.run(TaskThread.java:61)
		at java.base/java.lang.Thread.run(Thread.java:829)
19-Nov-2025 23:02:29.818 WARNING [Catalina-utility-2] org.apache.catalina.session.StandardSession.doWriteObject Cannot serialize session attribute [cart] for session [4981CEFC49622E149B8B43F5634D7409]
	java.io.NotSerializableException: com.bookstore.model.Book
		at java.base/java.io.ObjectOutputStream.writeObject0(ObjectOutputStream.java:1185)
		at java.base/java.io.ObjectOutputStream.writeObject(ObjectOutputStream.java:349)
		at java.base/java.util.HashMap.internalWriteEntries(HashMap.java:1857)
		at java.base/java.util.HashMap.writeObject(HashMap.java:1412)
		at java.base/jdk.internal.reflect.NativeMethodAccessorImpl.invoke0(Native Method)
		at java.base/jdk.internal.reflect.NativeMethodAccessorImpl.invoke(NativeMethodAccessorImpl.java:62)
		at java.base/jdk.internal.reflect.DelegatingMethodAccessorImpl.invoke(DelegatingMethodAccessorImpl.java:43)
		at java.base/java.lang.reflect.Method.invoke(Method.java:566)
		at java.base/java.io.ObjectStreamClass.invokeWriteObject(ObjectStreamClass.java:1145)
		at java.base/java.io.ObjectOutputStream.writeSerialData(ObjectOutputStream.java:1497)
		at java.base/java.io.ObjectOutputStream.writeOrdinaryObject(ObjectOutputStream.java:1433)
		at java.base/java.io.ObjectOutputStream.writeObject0(ObjectOutputStream.java:1179)
		at java.base/java.io.ObjectOutputStream.writeObject(ObjectOutputStream.java:349)
		at org.apache.catalina.session.StandardSession.doWriteObject(StandardSession.java:1647)
		at org.apache.catalina.session.StandardSession.writeObjectData(StandardSession.java:1015)
		at org.apache.catalina.session.StandardManager.doUnload(StandardManager.java:307)
		at org.apache.catalina.session.StandardManager.unload(StandardManager.java:259)
		at org.apache.catalina.session.StandardManager.stopInternal(StandardManager.java:374)
		at org.apache.catalina.util.LifecycleBase.stop(LifecycleBase.java:242)
		at org.apache.catalina.core.StandardContext.stopInternal(StandardContext.java:5143)
		at org.apache.catalina.util.LifecycleBase.stop(LifecycleBase.java:242)
		at org.apache.catalina.core.StandardContext.reload(StandardContext.java:3575)
		at org.apache.catalina.startup.HostConfig.reload(HostConfig.java:1442)
		at org.apache.catalina.startup.HostConfig.checkResources(HostConfig.java:1414)
		at org.apache.catalina.startup.HostConfig.check(HostConfig.java:1653)
		at org.apache.catalina.startup.HostConfig.lifecycleEvent(HostConfig.java:314)
		at org.apache.catalina.util.LifecycleBase.fireLifecycleEvent(LifecycleBase.java:114)
		at org.apache.catalina.core.ContainerBase.backgroundProcess(ContainerBase.java:1098)
		at org.apache.catalina.core.ContainerBase$ContainerBackgroundProcessor.processChildren(ContainerBase.java:1301)
		at org.apache.catalina.core.ContainerBase$ContainerBackgroundProcessor.processChildren(ContainerBase.java:1305)
		at org.apache.catalina.core.ContainerBase$ContainerBackgroundProcessor.run(ContainerBase.java:1283)
		at java.base/java.util.concurrent.Executors$RunnableAdapter.call(Executors.java:515)
		at java.base/java.util.concurrent.FutureTask.runAndReset(FutureTask.java:305)
		at java.base/java.util.concurrent.ScheduledThreadPoolExecutor$ScheduledFutureTask.run(ScheduledThreadPoolExecutor.java:305)
		at java.base/java.util.concurrent.ThreadPoolExecutor.runWorker(ThreadPoolExecutor.java:1128)
		at java.base/java.util.concurrent.ThreadPoolExecutor$Worker.run(ThreadPoolExecutor.java:628)
		at org.apache.tomcat.util.threads.TaskThread$WrappingRunnable.run(TaskThread.java:61)
		at java.base/java.lang.Thread.run(Thread.java:829)
19-Nov-2025 23:02:29.819 WARNING [Catalina-utility-2] org.apache.catalina.session.StandardSession.doWriteObject Cannot serialize session attribute [cart] for session [870636373039535A33641A4FB8EA4E50]
	java.io.NotSerializableException: com.bookstore.model.Book
		at java.base/java.io.ObjectOutputStream.writeObject0(ObjectOutputStream.java:1185)
		at java.base/java.io.ObjectOutputStream.writeObject(ObjectOutputStream.java:349)
		at java.base/java.util.HashMap.internalWriteEntries(HashMap.java:1857)
		at java.base/java.util.HashMap.writeObject(HashMap.java:1412)
		at java.base/jdk.internal.reflect.NativeMethodAccessorImpl.invoke0(Native Method)
		at java.base/jdk.internal.reflect.NativeMethodAccessorImpl.invoke(NativeMethodAccessorImpl.java:62)
		at java.base/jdk.internal.reflect.DelegatingMethodAccessorImpl.invoke(DelegatingMethodAccessorImpl.java:43)
		at java.base/java.lang.reflect.Method.invoke(Method.java:566)
		at java.base/java.io.ObjectStreamClass.invokeWriteObject(ObjectStreamClass.java:1145)
		at java.base/java.io.ObjectOutputStream.writeSerialData(ObjectOutputStream.java:1497)
		at java.base/java.io.ObjectOutputStream.writeOrdinaryObject(ObjectOutputStream.java:1433)
		at java.base/java.io.ObjectOutputStream.writeObject0(ObjectOutputStream.java:1179)
		at java.base/java.io.ObjectOutputStream.writeObject(ObjectOutputStream.java:349)
		at org.apache.catalina.session.StandardSession.doWriteObject(StandardSession.java:1647)
		at org.apache.catalina.session.StandardSession.writeObjectData(StandardSession.java:1015)
		at org.apache.catalina.session.StandardManager.doUnload(StandardManager.java:307)
		at org.apache.catalina.session.StandardManager.unload(StandardManager.java:259)
		at org.apache.catalina.session.StandardManager.stopInternal(StandardManager.java:374)
		at org.apache.catalina.util.LifecycleBase.stop(LifecycleBase.java:242)
		at org.apache.catalina.core.StandardContext.stopInternal(StandardContext.java:5143)
		at org.apache.catalina.util.LifecycleBase.stop(LifecycleBase.java:242)
		at org.apache.catalina.core.StandardContext.reload(StandardContext.java:3575)
		at org.apache.catalina.startup.HostConfig.reload(HostConfig.java:1442)
		at org.apache.catalina.startup.HostConfig.checkResources(HostConfig.java:1414)
		at org.apache.catalina.startup.HostConfig.check(HostConfig.java:1653)
		at org.apache.catalina.startup.HostConfig.lifecycleEvent(HostConfig.java:314)
		at org.apache.catalina.util.LifecycleBase.fireLifecycleEvent(LifecycleBase.java:114)
		at org.apache.catalina.core.ContainerBase.backgroundProcess(ContainerBase.java:1098)
		at org.apache.catalina.core.ContainerBase$ContainerBackgroundProcessor.processChildren(ContainerBase.java:1301)
		at org.apache.catalina.core.ContainerBase$ContainerBackgroundProcessor.processChildren(ContainerBase.java:1305)
		at org.apache.catalina.core.ContainerBase$ContainerBackgroundProcessor.run(ContainerBase.java:1283)
		at java.base/java.util.concurrent.Executors$RunnableAdapter.call(Executors.java:515)
		at java.base/java.util.concurrent.FutureTask.runAndReset(FutureTask.java:305)
		at java.base/java.util.concurrent.ScheduledThreadPoolExecutor$ScheduledFutureTask.run(ScheduledThreadPoolExecutor.java:305)
		at java.base/java.util.concurrent.ThreadPoolExecutor.runWorker(ThreadPoolExecutor.java:1128)
		at java.base/java.util.concurrent.ThreadPoolExecutor$Worker.run(ThreadPoolExecutor.java:628)
		at org.apache.tomcat.util.threads.TaskThread$WrappingRunnable.run(TaskThread.java:61)
		at java.base/java.lang.Thread.run(Thread.java:829)
19-Nov-2025 23:02:29.820 WARNING [Catalina-utility-2] org.apache.catalina.session.StandardSession.doWriteObject Cannot serialize session attribute [cart] for session [C245751C603D8F798D6DB7A14A82DF3B]
	java.io.NotSerializableException: com.bookstore.model.Book
		at java.base/java.io.ObjectOutputStream.writeObject0(ObjectOutputStream.java:1185)
		at java.base/java.io.ObjectOutputStream.writeObject(ObjectOutputStream.java:349)
		at java.base/java.util.HashMap.internalWriteEntries(HashMap.java:1857)
		at java.base/java.util.HashMap.writeObject(HashMap.java:1412)
		at java.base/jdk.internal.reflect.NativeMethodAccessorImpl.invoke0(Native Method)
		at java.base/jdk.internal.reflect.NativeMethodAccessorImpl.invoke(NativeMethodAccessorImpl.java:62)
		at java.base/jdk.internal.reflect.DelegatingMethodAccessorImpl.invoke(DelegatingMethodAccessorImpl.java:43)
		at java.base/java.lang.reflect.Method.invoke(Method.java:566)
		at java.base/java.io.ObjectStreamClass.invokeWriteObject(ObjectStreamClass.java:1145)
		at java.base/java.io.ObjectOutputStream.writeSerialData(ObjectOutputStream.java:1497)
		at java.base/java.io.ObjectOutputStream.writeOrdinaryObject(ObjectOutputStream.java:1433)
		at java.base/java.io.ObjectOutputStream.writeObject0(ObjectOutputStream.java:1179)
		at java.base/java.io.ObjectOutputStream.writeObject(ObjectOutputStream.java:349)
		at org.apache.catalina.session.StandardSession.doWriteObject(StandardSession.java:1647)
		at org.apache.catalina.session.StandardSession.writeObjectData(StandardSession.java:1015)
		at org.apache.catalina.session.StandardManager.doUnload(StandardManager.java:307)
		at org.apache.catalina.session.StandardManager.unload(StandardManager.java:259)
		at org.apache.catalina.session.StandardManager.stopInternal(StandardManager.java:374)
		at org.apache.catalina.util.LifecycleBase.stop(LifecycleBase.java:242)
		at org.apache.catalina.core.StandardContext.stopInternal(StandardContext.java:5143)
		at org.apache.catalina.util.LifecycleBase.stop(LifecycleBase.java:242)
		at org.apache.catalina.core.StandardContext.reload(StandardContext.java:3575)
		at org.apache.catalina.startup.HostConfig.reload(HostConfig.java:1442)
		at org.apache.catalina.startup.HostConfig.checkResources(HostConfig.java:1414)
		at org.apache.catalina.startup.HostConfig.check(HostConfig.java:1653)
		at org.apache.catalina.startup.HostConfig.lifecycleEvent(HostConfig.java:314)
		at org.apache.catalina.util.LifecycleBase.fireLifecycleEvent(LifecycleBase.java:114)
		at org.apache.catalina.core.ContainerBase.backgroundProcess(ContainerBase.java:1098)
		at org.apache.catalina.core.ContainerBase$ContainerBackgroundProcessor.processChildren(ContainerBase.java:1301)
		at org.apache.catalina.core.ContainerBase$ContainerBackgroundProcessor.processChildren(ContainerBase.java:1305)
		at org.apache.catalina.core.ContainerBase$ContainerBackgroundProcessor.run(ContainerBase.java:1283)
		at java.base/java.util.concurrent.Executors$RunnableAdapter.call(Executors.java:515)
		at java.base/java.util.concurrent.FutureTask.runAndReset(FutureTask.java:305)
		at java.base/java.util.concurrent.ScheduledThreadPoolExecutor$ScheduledFutureTask.run(ScheduledThreadPoolExecutor.java:305)
		at java.base/java.util.concurrent.ThreadPoolExecutor.runWorker(ThreadPoolExecutor.java:1128)
		at java.base/java.util.concurrent.ThreadPoolExecutor$Worker.run(ThreadPoolExecutor.java:628)
		at org.apache.tomcat.util.threads.TaskThread$WrappingRunnable.run(TaskThread.java:61)
		at java.base/java.lang.Thread.run(Thread.java:829)
19-Nov-2025 23:02:30.009 WARNING [Catalina-utility-2] org.apache.catalina.session.StandardSession.doReadObject Cannot deserialize session attribute [cart] for session [B3C44CCA9DB5F6918B0723C0D19D5A3D]
